YEAR,MO,DY,hum,uvi,tavg,wspd,wdir,pres,prcp
2024,7,1,12.06,1.95,20.24,2.24,340.6,100.5,2.74
2024,7,2,9.94,1.86,20.7,1.61,9.6,101.33,0.0
2024,7,3,10.31,2.13,20.71,1.84,203.6,101.34,0.0
2024,7,4,12.88,1.67,21.05,2.06,212.6,100.6,2.6
2024,7,5,15.82,1.55,22.6,1.59,187.0,100.19,6.93
2024,7,6,16.93,1.58,24.14,2.3,197.8,100.18,3.07
2024,7,7,15.58,2.0,25.28,1.48,242.1,100.52,0.4
2024,7,8,14.52,2.15,25.77,1.02,302.3,100.76,0.01
2024,7,9,15.63,1.67,25.39,1.92,214.0,100.57,0.47
2024,7,10,16.76,2.0,24.66,1.94,205.7,100.36,8.52
2024,7,11,16.38,1.97,25.71,3.4,203.2,100.24,0.97
2024,7,12,14.62,1.88,24.38,2.19,215.1,101.07,0.67
2024,7,13,16.56,1.67,24.36,1.69,214.5,101.15,8.65
2024,7,14,13.66,2.0,24.67,1.34,254.7,100.74,0.18
2024,7,15,14.86,1.76,25.01,2.01,225.7,100.27,0.47
2024,7,16,15.84,2.12,26.02,2.37,227.7,99.92,3.51
2024,7,17,15.5,1.89,25.46,2.12,217.6,100.03,3.57
2024,7,18,14.48,1.93,24.22,1.71,271.4,100.15,10.38
2024,7,19,10.5,2.07,22.25,1.54,320.5,100.81,0.0
2024,7,20,10.87,1.67,22.0,1.75,240.6,100.93,0.01
2024,7,21,12.44,1.79,23.8,1.56,274.7,100.66,0.17
2024,7,22,13.0,1.6,22.59,1.16,82.1,100.92,1.92
2024,7,23,14.0,0.81,22.56,1.34,135.7,100.86,7.82
2024,7,24,13.17,0.68,20.84,1.63,130.5,101.26,1.55
2024,7,25,13.35,1.16,21.44,1.72,217.2,100.82,2.47
2024,7,26,10.11,1.91,21.93,2.45,306.1,100.73,0.0
2024,7,27,9.84,1.58,22.79,1.33,333.0,101.04,0.0
2024,7,28,10.71,1.28,22.06,1.54,137.9,101.13,0.01
2024,7,29,12.13,0.91,19.99,1.32,224.8,100.75,8.22
2024,7,30,14.17,1.26,23.75,2.36,188.3,100.61,0.78
2024,7,31,15.29,1.45,23.91,2.5,180.6,100.5,6.07
2024,8,1,15.29,1.84,26.05,2.07,252.9,100.28,2.44
2024,8,2,14.66,1.32,26.79,1.36,260.2,100.38,2.2
2024,8,3,16.78,1.54,25.98,1.81,219.0,100.09,4.83
2024,8,4,16.73,1.13,24.42,1.38,239.7,100.21,13.03
2024,8,5,14.29,1.81,24.71,1.49,245.2,100.52,1.78
2024,8,6,13.54,0.48,21.13,1.98,23.9,100.59,6.67
2024,8,7,10.99,1.43,18.76,1.65,78.4,100.79,19.67
2024,8,8,10.59,1.45,17.92,1.68,105.0,101.18,1.5
2024,8,9,13.98,1.24,21.38,2.43,145.2,100.87,5.8
2024,8,10,15.51,1.97,25.01,2.98,224.0,100.19,12.11
2024,8,11,10.79,1.68,22.04,1.87,269.4,100.53,0.08
2024,8,12,10.78,1.42,20.35,2.1,264.6,100.45,1.09
2024,8,13,10.58,1.17,20.55,1.92,307.8,100.55,0.22
2024,8,14,11.13,1.02,21.85,1.62,347.0,100.74,0.03
2024,8,15,12.62,0.91,21.64,1.1,298.2,100.79,9.37
2024,8,16,12.12,0.6,20.97,1.28,72.3,100.91,2.01
2024,8,17,11.42,0.95,20.09,1.54,147.2,100.91,0.19
2024,8,18,12.23,0.53,19.42,1.42,134.5,100.6,5.31
2024,8,19,15.09,0.96,21.18,1.55,147.9,99.85,9.62
2024,8,20,10.76,1.3,18.6,2.64,302.8,99.92,7.21
2024,8,21,8.68,1.35,17.03,1.82,277.4,100.56,0.46
2024,8,22,9.08,1.21,17.6,1.82,274.1,100.95,0.25
2024,8,23,9.48,1.33,19.97,1.65,275.2,101.38,0.01
2024,8,24,9.45,1.47,21.44,1.56,280.7,101.46,0.0
2024,8,25,9.99,1.17,22.33,1.19,299.1,101.39,0.02
2024,8,26,11.68,1.12,21.7,1.1,50.3,101.21,2.93
2024,8,27,11.29,1.38,21.9,1.01,257.7,100.98,0.34
2024,8,28,13.44,1.39,24.29,2.73,258.7,100.41,0.11
2024,8,29,8.25,1.44,19.56,2.11,38.8,101.37,0.0
2024,8,30,8.29,1.53,17.85,2.05,106.0,101.75,0.0
2024,8,31,10.64,1.04,19.98,2.09,170.0,101.17,0.04
2024,9,1,13.57,1.23,22.4,2.36,206.7,100.3,0.87
2024,9,2,10.26,1.42,21.5,2.34,322.4,100.44,0.07
2024,9,3,6.21,1.43,17.56,1.92,318.4,101.49,0.0
2024,9,4,7.59,1.4,19.04,1.41,310.9,102.02,0.0
2024,9,5,8.12,1.41,19.27,1.9,168.3,102.06,0.03
2024,9,6,10.58,0.8,18.45,2.21,86.8,101.36,0.38
2024,9,7,10.01,1.12,18.85,1.74,45.0,100.34,0.85
2024,9,8,7.3,1.44,16.54,2.85,272.7,100.25,0.67
2024,9,9,6.68,1.26,17.07,2.43,261.9,100.69,0.0
2024,9,10,7.83,1.21,19.09,2.04,288.6,100.76,0.0
2024,9,11,6.62,1.28,18.26,1.32,325.6,101.25,0.0
2024,9,12,7.31,1.17,19.32,1.71,213.8,101.45,0.0
2024,9,13,8.49,1.13,21.29,1.4,241.7,101.45,0.0
2024,9,14,10.79,1.09,21.41,1.7,38.3,101.56,0.0
2024,9,15,9.2,1.1,19.64,1.47,89.3,101.89,0.0
2024,9,16,6.88,1.17,19.2,1.46,203.4,101.79,0.0
2024,9,17,6.93,1.08,19.67,1.45,211.2,101.47,0.0
2024,9,18,8.42,0.85,18.76,1.25,216.5,101.11,0.01
2024,9,19,10.91,1.01,19.15,2.23,47.7,100.58,1.81
2024,9,20,10.97,0.38,17.5,3.0,38.0,100.59,1.49
2024,9,21,9.84,0.4,15.38,3.08,30.0,100.82,18.43
2024,9,22,8.77,0.81,15.16,2.78,36.0,100.86,1.67
2024,9,23,8.23,0.63,14.24,2.38,57.4,101.05,0.25
2024,9,24,7.99,0.76,14.19,2.33,58.6,101.27,0.38
2024,9,25,8.67,0.46,15.26,2.07,94.4,101.4,1.8
2024,9,26,10.82,0.38,16.16,1.95,159.0,101.14,11.09
2024,9,27,10.1,1.13,19.19,1.31,311.9,100.74,6.43
2024,9,28,9.67,0.91,16.84,1.86,64.6,100.81,0.02
2024,9,29,9.15,0.71,15.62,1.51,86.9,100.9,0.07
2024,9,30,9.24,0.98,16.68,1.33,135.4,100.91,0.09
2024,10,1,9.25,0.73,16.21,2.23,74.6,101.07,0.03
2024,10,2,7.99,0.71,15.41,1.76,78.0,100.86,0.03
2024,10,3,8.47,0.8,16.06,1.48,181.7,101.01,0.01
2024,10,4,9.31,0.69,16.67,1.65,200.6,101.33,0.03
2024,10,5,8.67,0.83,17.42,2.19,309.5,101.15,0.65
2024,10,6,6.62,0.72,13.95,1.82,36.4,101.13,0.03
2024,10,7,9.24,0.25,14.0,2.02,151.7,100.26,9.91
2024,10,8,6.72,0.81,13.34,2.11,306.8,100.18,0.32
2024,10,9,5.2,0.64,12.42,2.17,281.7,100.26,0.19
2024,10,10,5.33,0.61,10.86,2.97,308.3,100.49,0.18
2024,10,11,5.12,0.7,11.99,2.77,291.5,100.61,0.0
2024,10,12,5.32,0.78,15.08,3.76,276.5,99.98,0.0
2024,10,13,4.95,0.21,8.87,1.61,336.5,100.55,4.28
2024,10,14,7.21,0.21,10.3,2.0,356.2,99.51,5.63
2024,10,15,4.57,0.48,8.38,3.21,285.6,99.9,0.04
2024,10,16,4.37,0.49,8.14,3.08,279.8,100.33,0.01
2024,10,17,4.32,0.59,7.09,1.85,357.1,101.43,0.0
2024,10,18,4.74,0.65,9.78,2.42,11.6,101.91,0.0
2024,10,19,5.37,0.66,11.85,1.54,269.5,102.29,0.0
2024,10,20,5.2,0.68,12.47,2.05,254.9,101.65,0.0
2024,10,21,6.29,0.64,15.9,2.39,258.3,101.11,0.0
2024,10,22,8.06,0.66,17.08,1.73,341.2,101.43,0.0
2024,10,23,8.78,0.63,15.82,2.51,195.4,101.01,0.02
2024,10,24,8.76,0.55,15.97,2.43,316.3,100.36,0.73
2024,10,25,4.55,0.57,10.76,1.97,330.8,100.89,0.0
2024,10,26,4.51,0.5,10.95,2.88,281.6,100.69,0.0
2024,10,27,3.1,0.49,7.84,2.75,290.3,101.63,0.0
2024,10,28,3.06,0.49,5.73,1.98,339.9,102.09,0.0
2024,10,29,3.78,0.24,6.46,2.26,153.7,102.45,0.03
2024,10,30,7.68,0.36,13.0,2.17,168.1,101.78,5.11
2024,10,31,8.35,0.55,16.55,2.28,228.6,100.93,0.07
2024,11,1,9.07,0.46,18.25,3.36,246.7,100.24,0.04
2024,11,2,5.0,0.35,10.91,2.32,325.0,101.36,0.0
2024,11,3,3.11,0.48,4.84,1.9,354.8,102.12,0.01
2024,11,4,3.78,0.28,5.32,1.6,79.8,102.37,0.55
2024,11,5,7.23,0.47,13.31,2.63,210.8,101.32,0.15
2024,11,6,9.43,0.49,18.46,3.42,233.0,100.5,0.03
2024,11,7,7.86,0.43,15.88,2.7,289.2,100.61,0.0
2024,11,8,4.84,0.4,10.01,3.12,273.1,100.39,0.01
2024,11,9,3.17,0.42,7.29,4.3,322.5,101.11,0.01
2024,11,10,3.05,0.42,5.62,2.22,257.8,101.61,0.02
2024,11,11,7.27,0.38,13.24,3.19,237.2,99.78,3.29
2024,11,12,4.65,0.37,8.98,4.19,308.2,100.12,0.01
2024,11,13,2.32,0.36,2.87,3.4,357.5,102.09,0.0
2024,11,14,2.28,0.38,1.77,2.51,16.5,101.89,0.0
2024,11,15,2.61,0.39,4.76,2.71,326.6,100.33,0.0
2024,11,16,3.36,0.36,7.97,3.25,314.6,99.77,0.0
2024,11,17,3.49,0.34,8.42,2.66,317.1,100.48,0.0
2024,11,18,4.52,0.34,9.06,2.33,314.3,100.08,0.01
2024,11,19,4.53,0.31,8.43,3.16,316.1,100.19,0.02
2024,11,20,4.81,0.34,6.03,1.86,353.2,100.07,0.02
2024,11,21,6.11,0.14,7.28,2.72,58.1,99.53,12.92
2024,11,22,5.76,0.2,8.12,3.95,113.6,98.71,22.04
2024,11,23,5.3,0.15,5.79,3.59,324.4,98.53,16.56
2024,11,24,3.8,0.25,6.1,5.18,283.7,99.44,0.12
2024,11,25,3.09,0.19,3.89,3.66,292.2,100.44,0.01
2024,11,26,4.41,0.09,3.26,1.95,44.5,100.42,7.56
2024,11,27,3.96,0.22,3.86,2.73,267.6,100.49,0.01
2024,11,28,4.7,0.1,3.74,2.41,139.7,99.97,18.33
2024,11,29,3.79,0.16,3.01,3.49,280.5,99.78,0.11
2024,11,30,3.03,0.19,0.98,2.59,268.3,100.3,0.09
2024,12,1,2.46,0.15,-0.46,2.78,253.8,100.65,0.1
2024,12,2,2.36,0.15,-1.47,2.21,283.9,100.94,0.02
2024,12,3,2.46,0.13,-1.63,2.17,305.3,101.25,0.02
2024,12,4,2.41,0.17,-0.68,2.24,258.6,101.26,0.3
2024,12,5,4.04,0.12,1.35,3.05,223.0,99.27,10.56
2024,12,6,2.31,0.17,-1.39,4.97,288.4,100.13,0.03
2024,12,7,2.36,0.16,-2.2,2.69,261.0,100.85,0.05
2024,12,8,3.65,0.15,1.68,3.32,224.5,100.01,3.32
2024,12,9,3.95,0.16,2.05,2.19,4.1,100.81,6.14
2024,12,10,4.54,0.1,2.76,2.47,45.5,101.05,7.67
2024,12,11,6.84,0.06,7.63,3.59,158.8,100.1,30.7
2024,12,12,4.42,0.19,4.82,4.84,248.4,100.04,25.08
2024,12,13,1.91,0.18,-2.68,2.97,284.9,102.35,0.0
2024,12,14,1.93,0.15,-2.9,2.18,326.0,103.57,0.0
2024,12,15,2.02,0.17,-3.78,1.44,2.8,103.53,0.0
2024,12,16,3.58,0.13,0.38,1.81,162.2,102.55,0.29
2024,12,17,6.32,0.21,8.11,3.51,204.4,100.98,5.99
2024,12,18,4.32,0.18,3.52,2.23,248.8,101.29,0.06
2024,12,19,3.9,0.18,2.87,2.57,305.1,101.0,12.52
2024,12,20,2.97,0.07,-0.91,2.93,28.7,101.41,4.2
2024,12,21,2.26,0.13,-3.59,4.23,334.3,100.42,2.29
2024,12,22,1.18,0.16,-9.57,4.05,319.1,101.68,0.0
2024,12,23,1.28,0.13,-9.38,2.03,313.4,102.66,0.01
2024,12,24,2.51,0.13,-3.28,2.35,244.5,101.72,0.8
2024,12,25,2.21,0.21,-4.5,2.65,351.8,101.85,0.01
2024,12,26,2.4,0.2,-3.2,1.81,346.3,102.16,0.03
2024,12,27,2.63,0.22,-2.82,1.77,301.0,102.13,0.04
2024,12,28,3.81,0.11,0.41,1.88,226.9,101.69,1.66
2024,12,29,4.63,0.11,2.57,1.32,238.2,101.23,2.14
2024,12,30,6.95,0.13,8.97,3.7,178.8,99.75,14.72
2024,12,31,4.58,0.15,4.5,2.43,225.5,100.12,0.01
2025,1,1,5.5,0.08,5.21,2.74,100.1,99.19,15.91
2025,1,2,3.31,0.17,2.18,6.05,267.5,99.37,1.64
2025,1,3,2.63,0.14,0.1,5.4,259.8,99.81,0.09
2025,1,4,2.0,0.12,-2.91,4.23,285.2,99.68,0.01
2025,1,5,2.26,0.1,-2.12,3.99,282.6,100.12,0.21
2025,1,6,1.55,0.12,-6.61,3.6,308.7,100.28,0.0
2025,1,7,1.44,0.18,-7.88,5.13,308.3,99.38,0.03
2025,1,8,1.5,0.18,-6.43,5.88,294.4,99.74,0.01
2025,1,9,1.45,0.12,-7.63,5.97,304.6,99.19,0.03
2025,1,10,2.05,0.19,-3.99,4.68,314.6,99.95,0.0
2025,1,11,2.71,0.12,-2.85,2.48,2.1,99.39,2.71
2025,1,12,2.36,0.18,-3.09,3.24,322.8,100.13,0.01
2025,1,13,2.73,0.17,-1.72,1.97,274.3,100.48,0.03
2025,1,14,2.44,0.19,-2.01,4.2,281.2,100.2,0.02
2025,1,15,1.8,0.18,-4.76,4.57,301.8,100.53,0.02
2025,1,16,1.78,0.18,-6.21,2.33,272.6,100.64,0.01
2025,1,17,2.22,0.15,-4.05,2.04,287.1,100.51,0.05
2025,1,18,3.41,0.15,-1.02,3.09,187.3,100.79,3.4
2025,1,19,3.97,0.23,1.76,2.38,320.2,99.9,4.24
2025,1,20,1.92,0.28,-5.53,4.88,322.6,100.47,6.45
2025,1,21,1.23,0.15,-9.73,2.85,267.7,102.13,0.2
2025,1,22,1.03,0.18,-10.61,2.19,318.1,102.17,0.76
2025,1,23,1.49,0.19,-7.9,2.6,218.5,101.74,0.07
2025,1,24,1.84,0.21,-6.82,2.72,279.2,101.0,0.41
2025,1,25,1.7,0.26,-6.89,2.69,277.4,101.54,0.08
2025,1,26,2.47,0.18,-3.06,3.73,244.7,100.97,0.04
2025,1,27,2.44,0.25,-2.23,3.9,241.2,100.45,0.0
2025,1,28,2.38,0.3,-1.49,5.29,257.1,99.03,0.29
2025,1,29,2.75,0.24,-1.87,3.38,247.6,98.95,2.78
2025,1,30,1.56,0.28,-5.46,4.35,298.3,100.66,0.02
2025,1,31,3.17,0.11,-1.96,2.46,210.3,100.7,9.18
2025,2,1,2.87,0.31,-2.39,4.01,351.1,100.3,6.31
2025,2,2,1.4,0.29,-9.92,2.52,6.8,102.49,0.03
2025,2,3,3.29,0.31,-1.34,2.21,204.2,101.08,4.56
2025,2,4,3.36,0.35,0.49,4.26,294.4,100.1,0.99
2025,2,5,1.41,0.38,-7.67,3.66,315.9,101.73,0.0
2025,2,6,2.19,0.09,-6.02,2.17,147.3,101.25,6.81
2025,2,7,3.05,0.37,-1.35,4.19,269.1,100.03,0.19
2025,2,8,2.1,0.32,-4.79,2.59,277.2,101.36,0.02
2025,2,9,2.63,0.29,-3.61,2.71,2.5,100.66,11.12
2025,2,10,2.27,0.24,-5.27,3.06,291.2,101.57,0.01
2025,2,11,1.89,0.33,-7.49,2.86,269.4,101.88,0.0
2025,2,12,2.45,0.26,-4.44,2.85,28.6,101.74,0.09
2025,2,13,3.67,0.24,-0.09,3.17,114.1,100.68,9.9
2025,2,14,2.45,0.53,-3.4,5.67,289.9,101.46,0.01
2025,2,15,1.78,0.34,-6.27,2.12,294.2,102.24,1.4
2025,2,16,3.37,0.15,-1.51,3.16,82.8,99.79,40.86
2025,2,17,2.5,0.45,-4.72,7.12,269.5,98.7,2.26
2025,2,18,1.75,0.43,-7.95,6.52,277.6,100.35,0.06
2025,2,19,1.62,0.45,-9.19,4.39,294.6,101.2,0.01
2025,2,20,1.74,0.4,-8.88,2.66,327.8,100.73,0.01
2025,2,21,1.98,0.48,-6.8,4.73,310.1,100.57,0.01
2025,2,22,1.88,0.54,-7.34,3.47,297.6,101.54,0.0
2025,2,23,2.88,0.48,-2.43,2.96,255.9,100.92,0.0
2025,2,24,3.04,0.5,-0.93,2.34,244.1,100.97,0.0
2025,2,25,4.37,0.43,2.85,3.1,204.1,100.1,0.03
2025,2,26,4.14,0.48,3.07,3.5,285.1,99.9,0.08
2025,2,27,4.5,0.22,2.94,2.92,187.9,100.13,4.16
2025,2,28,3.86,0.61,3.26,4.06,281.2,99.34,0.08
2025,3,1,4.29,0.32,3.59,3.68,192.2,99.28,0.48
2025,3,2,1.32,0.55,-6.18,5.79,300.1,100.34,0.0
2025,3,3,1.25,0.51,-7.01,2.83,317.0,101.39,0.0
2025,3,4,2.63,0.41,-1.43,3.23,227.7,101.3,0.12
2025,3,5,5.24,0.28,4.91,3.42,195.6,100.38,1.56
2025,3,6,7.0,0.57,9.41,3.53,189.3,98.35,22.89
2025,3,7,2.53,0.69,0.32,7.15,290.6,98.6,0.57
2025,3,8,2.29,0.65,-0.42,5.78,273.8,99.14,0.0
2025,3,9,2.53,0.6,0.42,4.35,273.6,99.95,0.0
2025,3,10,3.59,0.67,4.17,3.2,264.3,100.01,0.01
2025,3,11,4.41,0.79,6.01,3.1,195.3,100.0,0.0
2025,3,12,3.49,0.79,4.25,3.1,329.2,100.43,0.04
2025,3,13,3.3,0.87,1.93,2.3,96.2,101.22,1.93
2025,3,14,3.9,0.98,3.53,1.69,85.6,101.25,0.0
2025,3,15,5.17,0.94,5.56,2.4,184.4,101.15,0.4
2025,3,16,7.37,0.56,10.64,3.84,189.9,100.79,0.67
2025,3,17,8.06,0.44,11.67,3.87,202.8,100.13,10.4
2025,3,18,3.74,1.0,3.54,3.8,353.5,100.7,1.16
2025,3,19,4.15,1.16,4.48,2.19,62.9,101.03,0.01
2025,3,20,5.68,0.74,6.49,2.08,136.3,100.31,0.42
2025,3,21,4.56,0.84,5.43,4.27,315.5,99.06,6.57
2025,3,22,3.58,0.89,4.79,3.78,250.9,99.68,0.07
2025,3,23,2.48,0.92,1.25,4.96,304.6,100.48,0.36
2025,3,24,3.46,0.22,0.69,2.39,124.2,100.7,17.73
2025,3,25,4.13,0.67,4.03,2.59,265.5,100.1,0.17
2025,3,26,3.55,0.65,3.49,1.79,309.4,100.67,1.36
2025,3,27,3.19,0.72,2.55,3.09,294.5,101.0,0.14
2025,3,28,3.44,0.87,4.95,3.35,263.6,101.06,0.01
2025,3,29,4.1,0.35,2.74,2.59,47.2,100.85,6.97
2025,3,30,4.18,0.38,2.25,2.14,99.6,101.41,3.87
2025,3,31,6.97,0.47,9.48,3.12,191.5,100.05,2.13
2025,4,1,4.98,1.37,7.57,4.08,311.2,99.91,12.29
2025,4,2,2.33,1.02,0.69,2.62,15.4,102.13,0.0
2025,4,3,5.74,0.45,5.85,3.5,187.7,101.26,9.74
2025,4,4,6.92,1.2,12.12,3.04,293.5,100.84,3.02
2025,4,5,4.4,0.32,5.02,2.84,103.8,101.82,4.15
2025,4,6,5.32,0.54,6.3,1.98,296.3,100.24,12.07
2025,4,7,4.4,0.39,4.22,2.13,33.2,100.16,2.79
2025,4,8,3.7,0.91,2.59,2.76,287.0,99.45,2.68
2025,4,9,2.19,1.08,0.51,3.94,285.7,100.92,0.02
2025,4,10,2.95,1.13,2.58,1.89,253.7,101.85,0.01
2025,4,11,4.21,0.67,4.39,1.94,121.1,101.57,2.66
2025,4,12,4.16,0.42,2.38,3.86,46.0,100.99,10.72
2025,4,13,4.74,0.65,4.39,3.64,3.7,100.27,4.53
2025,4,14,5.11,1.27,8.86,2.66,305.1,99.98,0.05
2025,4,15,6.8,1.03,10.62,2.63,223.3,99.01,4.07
2025,4,16,4.3,1.01,6.47,4.45,269.9,99.17,0.12
2025,4,17,3.69,1.18,6.59,3.92,287.7,100.51,0.0
2025,4,18,3.92,1.18,7.5,2.71,248.5,101.33,0.02
2025,4,19,8.01,0.99,14.11,3.49,217.4,100.43,0.08
2025,4,20,6.17,1.77,13.06,4.54,300.1,100.87,1.08
2025,4,21,3.74,1.33,7.55,2.17,281.2,101.69,0.0
2025,4,22,7.13,1.41,12.48,1.63,215.8,100.65,5.39
2025,4,23,5.8,1.57,11.77,2.31,315.1,101.1,0.02
2025,4,24,6.02,1.4,12.55,1.62,322.7,101.57,0.0
2025,4,25,7.91,0.95,14.52,1.77,189.8,101.32,0.66
2025,4,26,9.37,0.41,13.97,3.12,188.5,100.38,19.24
2025,4,27,5.59,1.18,9.24,4.41,289.2,99.9,1.63
2025,4,28,5.56,1.53,13.27,3.12,323.6,101.16,0.01
2025,4,29,6.63,1.59,14.38,3.47,219.4,101.0,0.01
2025,4,30,6.59,1.92,15.06,4.08,277.5,100.26,0.01
2025,5,1,4.71,1.73,11.21,1.66,12.9,101.17,0.0
2025,5,2,8.66,1.15,14.9,2.41,186.1,100.46,5.87
2025,5,3,10.38,1.42,17.05,1.92,203.8,100.29,7.25
2025,5,4,10.44,0.93,16.97,1.23,194.9,100.57,5.34
2025,5,5,7.52,0.53,10.96,2.71,59.8,101.42,26.0
2025,5,6,8.23,0.6,11.75,2.33,95.8,101.39,9.11
2025,5,7,8.83,1.23,15.36,2.34,196.2,100.61,1.95
2025,5,8,8.89,1.47,15.17,1.48,276.8,100.67,2.02
2025,5,9,7.32,0.4,10.65,2.81,63.1,100.84,15.49
2025,5,10,6.99,0.84,10.46,3.13,343.0,100.14,27.79
2025,5,11,6.2,1.98,12.87,3.01,302.6,101.14,0.27
2025,5,12,5.74,1.86,12.18,2.57,260.7,101.6,0.0
2025,5,13,7.4,1.82,14.77,2.14,107.4,101.46,0.02
2025,5,14,8.25,1.7,14.69,1.78,141.4,101.34,0.12
2025,5,15,10.59,1.08,16.55,1.56,142.2,100.63,8.14
2025,5,16,11.57,1.6,19.49,1.49,206.5,99.92,0.19
2025,5,17,11.75,0.95,18.98,2.23,180.4,99.43,4.1
2025,5,18,9.32,1.3,16.11,3.03,267.5,98.98,1.58
2025,5,19,6.46,1.5,12.16,4.38,307.3,99.48,0.35
2025,5,20,5.92,1.13,10.33,3.13,334.9,100.32,0.32
2025,5,21,5.95,0.69,8.81,2.49,65.4,100.95,0.78
2025,5,22,5.95,0.47,8.22,3.75,73.1,100.65,27.05
2025,5,23,5.65,1.36,7.75,3.3,343.3,99.89,30.47
2025,5,24,7.0,1.33,11.3,2.15,265.2,100.11,2.62
2025,5,25,6.61,1.02,11.67,2.32,300.7,100.63,0.1
2025,5,26,6.95,1.69,14.03,1.58,342.1,101.16,0.04
2025,5,27,7.77,1.71,16.48,1.52,230.6,101.64,0.0
2025,5,28,8.96,1.62,16.64,2.01,223.1,101.58,0.0
2025,5,29,8.75,1.06,15.6,1.64,192.2,100.99,0.71
2025,5,30,10.71,1.19,17.34,2.05,215.5,99.77,0.99
2025,5,31,10.32,1.13,16.0,2.05,199.1,98.21,18.2
2025,6,1,6.52,1.49,12.4,3.91,258.2,99.11,0.75
2025,6,2,6.66,1.55,13.55,2.29,260.1,100.41,0.06
2025,6,3,7.11,1.74,16.82,1.34,285.3,100.99,0.02
2025,6,4,9.7,1.43,18.4,2.06,218.7,101.23,0.0
2025,6,5,12.29,2.09,22.47,1.5,236.0,100.74,0.06
2025,6,6,13.79,1.45,21.97,1.58,44.3,100.47,4.58
2025,6,7,12.31,0.62,17.96,1.18,145.6,100.07,20.92
2025,6,8,10.08,1.38,16.47,1.91,40.2,100.24,1.21
2025,6,9,9.23,1.09,15.43,2.21,92.9,100.65,2.05
2025,6,10,10.04,0.67,15.43,1.15,71.1,100.36,3.85
2025,6,11,10.99,1.79,19.58,2.31,246.6,100.61,0.1
2025,6,12,11.15,1.93,20.89,3.01,254.6,100.45,0.0
2025,6,13,8.59,1.53,17.78,1.5,316.5,101.03,0.0
2025,6,14,9.32,0.68,15.06,1.74,81.9,101.22,2.51
2025,6,15,8.32,1.78,14.97,1.54,85.0,101.35,0.1
2025,6,16,8.72,2.26,16.33,1.69,125.5,101.32,0.04
2025,6,17,10.8,0.96,17.07,1.74,143.1,101.04,2.7
2025,6,18,13.05,0.96,20.04,1.82,179.1,100.53,2.42
2025,6,19,14.64,2.19,23.36,1.89,209.7,100.02,0.06
2025,6,20,11.96,2.15,21.83,3.79,256.4,99.67,0.04
2025,6,21,10.5,2.09,21.03,1.55,279.9,100.82,0.0
2025,6,22,14.78,1.8,23.29,2.33,218.4,100.58,1.44
2025,6,23,15.25,2.11,25.52,1.33,293.0,100.77,0.01
2025,6,24,17.83,2.51,28.1,2.0,263.2,100.71,0.03
2025,6,25,17.02,2.23,27.45,1.73,309.4,100.62,0.4
2025,6,26,11.0,0.88,20.46,1.99,59.9,101.07,0.38
2025,6,27,9.21,2.11,18.24,1.34,104.4,101.5,0.02
2025,6,28,11.47,0.83,19.04,1.85,175.5,101.05,3.04
2025,6,29,12.83,2.06,22.47,1.56,268.8,100.5,0.14
2025,6,30,12.42,2.17,22.86,1.08,260.7,100.67,0.0
2025,7,1,15.62,1.69,23.98,2.11,210.1,100.13,1.78
2025,7,2,15.32,1.64,24.04,1.77,250.5,100.02,3.85
2025,7,3,13.61,1.93,24.33,1.92,266.2,100.03,1.5
2025,7,4,10.5,2.05,20.9,2.26,308.3,100.59,0.85
2025,7,5,9.65,1.75,20.26,1.67,280.9,101.14,0.0
2025,7,6,12.93,2.19,24.36,2.68,225.5,100.73,0.05
2025,7,7,14.9,1.89,25.21,2.76,214.8,100.62,0.66
2025,7,8,16.75,2.02,26.51,1.68,243.6,100.48,4.17
2025,7,9,14.35,1.05,21.9,1.42,66.7,100.72,19.89
2025,7,10,13.08,0.83,18.96,1.67,80.4,100.72,14.71
2025,7,11,13.06,1.58,21.42,1.09,101.1,100.79,0.63
2025,7,12,14.39,1.59,23.81,1.52,174.7,100.96,0.31
2025,7,13,12.89,1.8,22.65,1.69,163.3,101.07,0.06
2025,7,14,14.58,1.51,23.68,1.79,198.4,100.9,1.4
2025,7,15,15.37,2.07,26.07,1.47,230.1,100.83,0.35
2025,7,16,15.52,2.08,26.87,1.48,218.4,100.74,0.07
2025,7,17,16.35,1.72,25.9,2.31,206.3,100.2,1.57
2025,7,18,11.5,2.36,24.35,2.97,302.8,100.37,0.05
2025,7,19,9.23,2.12,21.97,1.49,323.7,100.96,0.0
2025,7,20,14.22,1.73,23.72,2.07,201.8,100.21,3.18
2025,7,21,11.31,2.1,21.5,2.57,321.2,100.15,2.07
2025,7,22,7.85,2.06,19.54,1.32,334.6,101.05,0.0
2025,7,23,9.06,1.94,21.7,1.31,207.7,101.39,0.01
2025,7,24,11.8,2.1,24.22,2.78,220.5,101.11,0.0
2025,7,25,14.78,1.63,26.41,2.45,243.2,100.37,2.31
2025,7,26,10.23,1.84,23.67,1.64,17.2,100.88,0.04
2025,7,27,11.88,0.68,21.58,2.29,203.9,100.73,2.23
2025,7,28,13.58,1.94,26.21,1.32,323.8,100.51,0.23
2025,7,29,13.15,2.05,28.5,1.97,262.5,100.53,0.0
2025,7,30,12.59,2.0,28.16,1.31,332.9,100.56,0.01
2025,7,31,12.79,0.52,22.38,2.08,19.3,100.82,11.75
2025,8,1,9.98,1.71,18.93,2.37,40.1,101.27,19.88
2025,8,2,7.92,1.95,19.67,1.47,346.9,101.43,0.0
2025,8,3,9.08,1.51,21.75,1.31,225.3,101.2,0.0
2025,8,4,10.24,0.95,23.21,1.38,258.6,101.08,0.02
2025,8,5,11.39,1.06,22.19,1.74,63.0,101.66,0.02
2025,8,6,9.69,1.25,20.34,1.42,64.6,102.08,0.03
2025,8,7,9.69,1.83,22.21,1.26,133.2,101.94,0.03
2025,8,8,8.25,1.82,21.93,1.69,180.0,101.59,0.0
2025,8,9,8.94,1.7,22.3,1.6,161.3,101.45,0.02
2025,8,10,10.73,1.69,24.47,1.17,190.5,101.38,0.02
2025,8,11,11.27,1.71,26.78,1.18,210.2,101.19,0.02
2025,8,12,10.22,1.79,27.54,1.65,228.9,100.83,0.0
2025,8,13,13.34,1.75,26.74,1.66,213.0,100.33,3.96
2025,8,14,15.59,1.67,25.87,1.41,270.9,100.28,5.59
2025,8,15,11.29,1.8,23.98,1.82,28.6,101.07,0.1
2025,8,16,10.02,1.76,23.21,1.19,187.1,101.15,0.03
2025,8,17,12.83,1.65,25.79,2.01,235.0,100.38,0.69
2025,8,18,7.99,1.96,19.97,2.61,20.1,101.01,0.79
2025,8,19,7.05,1.43,18.73,1.09,106.9,101.46,0.0
2025,8,20,8.65,0.63,17.35,1.56,111.8,101.29,7.4
2025,8,21,8.69,1.41,17.07,2.52,59.5,101.02,4.76
2025,8,22,8.41,1.91,19.92,2.51,7.0,100.54,0.0
2025,8,23,9.13,1.76,22.37,2.44,203.6,100.78,0.0
2025,8,24,10.43,1.53,22.05,2.94,191.7,100.65,0.02
2025,8,25,12.43,1.29,23.31,1.39,187.4,100.09,1.11
2025,8,26,8.74,1.59,21.81,2.46,276.5,100.36,0.05
2025,8,27,7.6,1.22,18.91,1.72,296.8,100.68,0.47
2025,8,28,7.21,1.39,18.81,1.8,253.2,101.01,0.01
2025,8,29,9.8,0.93,19.93,2.14,196.1,100.69,4.28
2025,8,30,8.39,1.39,18.5,2.08,294.7,100.57,3.6
2025,8,31,7.52,1.43,18.83,1.72,334.1,101.18,0.0
2025,9,1,8.98,1.08,18.99,1.63,53.5,101.55,0.03
2025,9,2,9.4,1.47,19.69,1.5,91.8,101.31,0.07
2025,9,3,8.76,1.48,19.63,1.55,194.1,100.64,0.0
2025,9,4,9.05,1.45,20.15,2.0,187.7,100.36,0.03
2025,9,5,11.51,1.17,21.91,2.64,194.5,100.38,2.75
2025,9,6,13.03,0.95,23.38,2.83,198.1,100.5,2.42
2025,9,7,10.91,0.58,17.64,1.28,339.4,100.73,27.43
2025,9,8,7.4,1.46,17.2,1.61,308.9,101.36,0.03
2025,9,9,7.6,1.38,16.41,1.88,90.5,101.85,0.0
2025,9,10,8.6,1.37,15.55,2.2,61.8,101.62,0.01
2025,9,11,7.81,1.41,17.43,1.92,347.9,100.96,0.01
2025,9,12,7.9,1.4,18.2,1.68,31.0,101.31,0.0
2025,9,13,9.07,1.2,17.38,1.6,196.1,101.18,0.18
2025,9,14,9.87,1.09,19.96,1.5,260.4,100.81,0.5
2025,9,15,9.67,1.17,19.12,1.61,50.5,101.4,0.08
2025,9,16,8.97,1.22,17.66,1.55,84.9,101.63,0.05
2025,9,17,9.28,1.16,16.95,1.76,78.5,101.31,0.12
2025,9,18,10.11,1.18,19.73,1.1,31.8,100.57,6.63
2025,9,19,9.19,1.25,20.59,2.35,309.4,100.38,0.0
2025,9,20,5.64,1.26,15.9,1.7,18.1,101.45,0.0
2025,9,21,6.74,1.18,14.85,1.56,129.8,101.83,0.0
2025,9,22,8.13,1.27,16.03,1.51,174.0,101.23,0.0
2025,9,23,10.78,0.78,20.12,1.96,231.0,100.63,1.29
2025,9,24,12.63,0.3,18.25,1.55,57.8,100.94,7.99
2025,9,25,13.13,0.34,18.5,2.33,128.6,100.64,31.33
2025,9,26,12.93,1.12,21.57,2.29,254.0,99.81,0.75
2025,9,27,10.98,1.01,20.04,1.49,295.7,100.46,0.02
2025,9,28,11.53,1.15,21.06,1.93,232.6,100.7,1.18
2025,9,29,8.58,1.09,19.96,1.53,302.3,101.24,0.0
2025,9,30,8.76,1.1,18.57,2.03,346.8,101.06,0.0
2025,10,1,6.39,1.1,14.13,2.81,23.1,101.31,0.0
2025,10,2,4.86,1.07,12.3,2.23,37.1,102.09,0.0
2025,10,3,6.31,1.08,13.55,2.06,234.2,101.8,0.01
2025,10,4,7.65,1.01,18.16,1.67,274.2,101.22,0.07
2025,10,5,9.36,0.91,20.06,1.49,294.3,101.53,0.08
2025,10,6,9.55,0.9,20.41,2.24,217.1,101.51,0.09
2025,10,7,10.57,0.87,20.0,2.84,211.2,101.12,0.12
2025,10,8,10.42,0.55,18.36,3.34,254.1,100.54,15.6
2025,10,9,4.27,0.85,10.9,3.09,340.7,101.81,0.0
2025,10,10,3.93,0.79,9.06,1.86,287.0,102.27,0.0
2025,10,11,6.82,0.68,12.82,1.64,203.4,101.65,0.01
2025,10,12,8.38,0.2,12.47,3.13,59.4,101.44,5.97
2025,10,13,7.81,0.43,11.93,5.48,49.0,101.21,27.26
2025,10,14,7.97,0.56,12.32,3.5,34.0,100.99,9.4
2025,10,15,7.11,0.59,12.35,2.61,328.7,100.52,0.13
2025,10,16,4.32,0.64,8.95,3.81,332.1,100.28,0.0
2025,10,17,4.96,0.62,10.11,2.96,342.8,100.4,0.0
2025,10,18,5.41,0.67,10.17,1.52,325.2,100.63,0.0
2025,10,19,7.45,0.55,12.95,2.24,184.5,100.74,0.01
2025,10,20,9.77,0.24,14.5,3.19,155.0,100.08,22.23
2025,10,21,6.67,0.62,12.6,3.04,240.4,100.05,0.42
2025,10,22,7.93,0.57,13.09,2.3,206.5,99.84,10.66
2025,10,23,5.88,0.49,10.65,2.64,226.4,100.16,0.01
2025,10,24,5.75,0.39,9.99,1.71,272.7,100.78,0.14
2025,10,25,5.13,0.43,8.71,1.95,311.0,101.55,0.06
2025,10,26,4.68,0.53,8.35,2.02,335.6,101.88,0.04
2025,10,27,4.47,0.43,6.44,2.04,342.9,101.9,0.07
2025,10,28,5.05,0.49,7.27,2.74,20.8,101.85,0.09
2025,10,29,5.63,0.3,8.73,2.94,41.1,101.39,0.3
2025,10,30,7.18,0.26,9.82,2.72,70.2,100.75,9.08
2025,10,31,8.07,0.37,12.71,4.6,215.1,98.16,22.49
2025,11,1,4.44,0.51,9.02,5.22,271.4,99.45,0.01
2025,11,2,3.95,0.48,5.58,2.44,287.0,101.29,0.0
2025,11,3,5.22,0.28,7.06,2.3,206.3,101.16,0.88
2025,11,4,4.82,0.5,8.92,4.67,281.8,100.1,2.87
2025,11,5,4.75,0.3,7.48,2.46,237.1,100.55,0.09
2025,11,6,4.81,0.34,8.22,4.55,287.9,99.79,2.44
2025,11,7,3.79,0.35,3.98,2.53,228.8,100.77,0.0
2025,11,8,6.98,0.34,11.73,3.13,240.0,99.67,1.68
2025,11,9,6.27,0.2,8.86,2.32,91.2,100.49,2.75
2025,11,10,7.41,0.16,9.72,2.09,10.4,99.49,12.19
2025,11,11,3.31,0.24,2.07,4.25,269.5,99.21,0.16
2025,11,12,3.38,0.17,2.46,3.3,251.1,99.8,0.08
2025,11,13,4.38,0.21,4.62,2.54,269.1,99.83,0.25
2025,11,14,3.58,0.25,3.19,2.81,301.2,100.46,0.06
2025,11,15,3.35,0.28,1.83,2.19,293.9,99.97,0.05
2025,11,16,5.05,0.25,5.61,3.52,260.4,98.02,20.14
2025,11,17,2.92,0.26,1.72,4.89,281.8,98.97,0.12
2025,11,18,3.14,0.28,2.58,3.78,282.4,100.54,0.0
2025,11,19,3.06,0.31,0.97,1.91,303.7,101.26,0.0
2025,11,20,3.41,0.27,1.47,1.64,10.6,101.5,0.0
2025,11,21,3.97,0.2,2.72,2.02,215.3,100.94,0.02
2025,11,22,4.93,0.17,5.19,2.04,275.3,100.31,2.72
2025,11,23,3.15,0.21,0.6,1.9,280.6,100.61,0.3
2025,11,24,4.01,0.21,3.08,2.32,294.4,100.82,0.07
2025,11,25,4.43,0.15,3.33,2.22,229.5,101.42,0.01
2025,11,26,7.79,0.2,10.81,2.17,190.0,100.18,9.81
2025,11,27,4.74,0.25,6.62,3.18,260.2,99.87,0.5
2025,11,28,3.1,0.18,1.85,3.77,249.8,99.97,0.21
2025,11,29,2.61,0.2,0.98,3.92,281.7,101.36,0.04
2025,11,30,3.67,0.09,1.89,2.61,167.8,101.86,3.61
2025,12,1,3.79,0.2,3.42,3.48,286.6,101.16,1.07
2025,12,2,3.26,0.06,-0.64,1.64,55.8,101.02,14.32
2025,12,3,3.27,0.18,-0.66,3.38,330.8,100.15,7.57
2025,12,4,2.88,0.15,-2.3,3.2,257.7,100.52,0.09
2025,12,5,1.26,0.16,-8.16,2.87,296.7,101.53,0.0
2025,12,6,2.77,0.1,-2.99,1.77,217.0,100.5,0.21
2025,12,7,3.05,0.13,-1.47,1.96,275.4,100.69,0.02
2025,12,8,2.17,0.19,-4.0,3.67,305.0,101.1,0.02
2025,12,9,1.38,0.16,-8.37,2.14,291.1,101.39,0.0
2025,12,10,3.44,0.08,-0.1,3.27,205.3,99.73,1.8
2025,12,11,3.21,0.17,-0.02,4.97,260.2,98.81,1.22
2025,12,12,1.89,0.14,-3.94,5.33,273.1,100.01,0.0
2025,12,13,2.55,0.1,-2.32,2.62,244.7,100.85,0.01
2025,12,14,3.05,0.1,-1.51,2.46,315.5,100.47,3.2
2025,12,15,1.48,0.16,-7.63,4.55,310.4,100.88,0.06
2025,12,16,2.12,0.23,-3.83,2.23,251.3,101.18,0.0
2025,12,17,3.01,0.14,-0.5,3.86,224.2,100.44,0.0
2025,12,18,3.82,0.21,1.76,2.8,241.6,101.39,0.0
2025,12,19,6.41,0.1,7.23,4.53,184.4,99.62,14.28
2025,12,20,2.39,0.17,-0.25,4.06,272.5,100.39,0.09
2025,12,21,3.23,0.18,1.31,4.04,248.3,100.5,0.49
2025,12,22,1.81,0.17,-2.58,3.74,303.1,101.74,0.1
2025,12,23,2.95,0.06,-1.8,1.74,232.2,101.51,2.02
2025,12,24,3.49,0.11,-0.02,3.21,319.1,100.57,4.78
2025,12,25,2.67,0.13,-2.21,3.21,294.8,100.72,1.01
2025,12,26,1.23,0.11,-8.72,3.52,335.7,101.19,0.0
2025,12,27,1.9,0.15,-6.17,2.42,13.7,100.99,5.82
2025,12,28,2.1,0.15,-5.97,2.28,297.0,101.09,0.0
2025,12,29,4.44,0.05,1.88,2.91,200.8,99.12,21.37
2025,12,30,2.16,0.14,-3.86,5.91,270.8,98.75,0.16
2025,12,31,2.07,0.1,-3.77,4.0,247.7,99.61,0.06
2026,1,1,2.13,0.11,-4.8,4.28,264.5,99.39,1.96
2026,1,2,1.53,0.14,-8.06,3.37,266.4,99.8,0.12
2026,1,3,1.89,0.12,-6.37,3.06,261.6,100.16,0.02
2026,1,4,2.15,0.14,-4.5,2.24,311.7,100.68,0.39
2026,1,5,1.58,0.13,-7.4,2.13,324.2,101.28,0.32
2026,1,6,2.65,0.15,-3.87,1.62,32.5,100.73,2.41
2026,1,7,3.59,0.09,-0.65,2.16,14.3,99.82,4.77
2026,1,8,3.47,0.13,-0.34,2.54,295.6,100.89,0.02
2026,1,9,3.96,0.17,0.74,2.72,190.5,101.5,0.49
2026,1,10,4.57,0.2,3.26,2.91,262.9,101.07,1.44
2026,1,11,4.42,0.23,2.64,2.43,355.8,99.94,8.4
2026,1,12,2.48,0.13,-1.0,4.68,277.4,100.47,0.04
2026,1,13,3.21,0.22,0.35,2.62,226.8,100.66,0.0
2026,1,14,4.62,0.15,3.54,2.74,197.8,99.59,0.2
2026,1,15,4.91,0.14,4.24,2.66,200.9,98.69,0.85
2026,1,16,1.64,0.21,-4.5,5.05,281.0,99.38,0.01
2026,1,17,2.99,0.1,-1.27,2.23,210.6,100.93,2.94
2026,1,18,3.46,0.06,-0.58,1.88,266.7,100.73,3.8
2026,1,19,3.02,0.16,-1.64,2.91,289.8,100.1,5.11
2026,1,20,1.73,0.19,-6.62,4.16,265.4,101.03,0.07
2026,1,21,1.43,0.15,-8.86,3.17,238.6,102.1,0.04
2026,1,22,3.46,0.2,0.38,3.56,228.7,100.68,2.07
2026,1,23,2.13,0.18,-3.58,3.82,277.8,100.87,0.01
2026,1,24,0.86,0.22,-12.27,4.96,302.5,102.17,0.01
2026,1,25,1.14,0.15,-12.03,2.86,14.9,102.5,14.35
2026,1,26,2.28,0.18,-6.57,4.17,20.3,99.93,12.96
2026,1,27,1.54,0.18,-10.65,3.75,286.4,100.34,0.41
2026,1,28,1.46,0.21,-11.37,3.05,282.2,100.66,0.02
2026,1,29,1.54,0.18,-10.36,3.01,305.4,100.66,0.02
2026,1,30,1.19,0.21,-13.59,4.74,292.6,100.78,0.01
2026,1,31,1.11,0.23,-14.78,2.76,312.6,101.12,0.01
2026,2,1,1.4,0.24,-12.01,4.37,352.5,100.34,0.05
2026,2,2,1.7,0.24,-9.52,3.72,319.7,100.23,0.0
2026,2,3,1.73,0.26,-9.37,2.36,304.0,100.96,0.0
2026,2,4,1.97,0.28,-7.64,3.31,290.0,101.08,0.12
2026,2,5,1.76,0.29,-8.91,2.71,310.0,100.92,0.0
2026,2,6,1.99,0.23,-7.62,2.55,21.7,100.01,0.24
2026,2,7,2.1,0.19,-6.88,3.3,355.5,99.28,4.39
2026,2,8,1.0,0.28,-15.55,5.66,319.0,100.65,0.03
2026,2,9,1.35,0.3,-12.19,4.59,315.0,101.18,0.0
2026,2,10,1.92,0.29,-7.69,2.34,299.2,100.98,0.82
2026,2,11,3.27,0.32,-1.7,3.06,257.6,99.61,5.69
2026,2,12,2.6,0.38,-3.78,4.35,310.7,100.09,0.09
2026,2,13,2.07,0.41,-6.33,3.04,317.1,100.89,0.0
2026,2,14,2.46,0.22,-4.5,2.69,272.8,100.86,0.01
2026,2,15,2.16,0.37,-4.83,2.83,320.2,101.04,0.0
2026,2,16,2.59,0.28,-2.21,2.26,78.3,101.24,0.0
2026,2,17,3.24,0.2,-0.51,1.68,208.8,101.11,0.16
2026,2,18,3.84,0.2,1.26,2.19,276.0,100.46,0.77
2026,2,19,2.81,0.47,0.33,2.06,27.9,100.74,0.08
2026,2,20,3.48,0.19,-0.16,2.09,137.1,100.56,6.27
2026,2,21,3.29,0.23,-0.77,2.19,38.9,100.24,9.36
2026,2,22,2.93,0.25,-2.01,2.52,61.1,101.16,2.13
2026,2,23,3.04,0.14,-2.36,7.35,16.5,99.37,16.85
2026,2,24,2.39,0.45,-4.96,4.95,308.3,99.73,0.03
2026,2,25,2.4,0.25,-6.68,3.13,219.0,99.97,1.63
2026,2,26,3.28,0.46,-0.58,2.83,256.1,100.02,0.3
2026,2,27,2.35,0.5,-3.09,2.06,310.1,100.89,0.0
2026,2,28,3.45,0.46,0.23,3.0,201.7,101.02,0.0
2026,3,1,3.08,0.48,-0.38,3.38,321.2,101.09,0.62
2026,3,2,1.32,0.61,-6.08,2.56,333.9,102.58,0.0
2026,3,3,2.17,0.25,-4.72,2.44,202.3,102.61,7.26
2026,3,4,3.53,0.61,0.94,1.93,286.5,101.42,8.03
2026,3,5,3.62,0.43,0.32,2.73,7.1,101.61,1.48
2026,3,6,3.66,0.37,0.15,3.8,45.1,102.05,15.59
2026,3,7,4.13,0.46,1.52,2.4,184.3,101.43,0.17
2026,3,8,5.66,0.69,6.42,3.68,239.9,99.88,1.26
2026,3,9,5.25,0.79,7.21,2.88,232.1,100.56,0.0
2026,3,10,6.06,0.73,9.71,2.7,223.8,100.61,0.03
2026,3,11,5.91,0.7,7.99,2.75,119.1,100.58,0.91
2026,3,12,5.27,0.33,6.78,3.96,257.4,99.48,3.21
2026,3,13,2.63,0.83,0.22,3.21,270.4,100.61,0.49
2026,3,14,3.48,0.51,2.0,4.31,249.1,100.16,1.67
2026,3,15,2.76,0.48,0.73,3.0,291.0,102.0,0.05
2026,3,16,6.18,0.41,6.85,4.25,156.6,100.64,17.88
2026,3,17,5.14,1.03,6.96,6.5,235.5,99.32,8.55
2026,3,18,1.78,0.71,-1.97,3.0,290.4,101.59,0.01
2026,3,19,2.61,0.49,-0.21,1.9,186.8,101.74,0.0
2026,3,20,3.94,0.67,3.12,2.99,216.9,100.83,0.32
2026,3,21,4.28,0.75,5.05,3.16,307.7,100.14,2.11
2026,3,22,4.2,0.22,2.71,2.58,163.8,100.32,10.06
2026,3,23,4.08,0.47,2.12,3.29,19.9,100.13,12.84
2026,3,24,3.14,0.9,1.9,2.38,326.4,101.48,0.34
2026,3,25,3.37,0.87,3.35,2.72,240.0,101.7,0.0
2026,3,26,5.67,0.6,7.35,3.12,203.1,100.53,1.87
2026,3,27,4.55,1.1,5.85,3.5,318.8,100.17,3.61
2026,3,28,2.06,1.21,-1.34,2.61,341.3,101.71,0.0
2026,3,29,2.76,0.69,1.41,2.98,245.7,102.24,0.0
2026,3,30,5.1,0.91,6.38,3.61,217.4,101.25,0.01
2026,3,31,7.69,0.5,10.99,2.63,211.5,100.54,6.56
2026,4,1,7.17,0.74,10.93,2.23,341.9,100.63,2.97
2026,4,2,4.13,0.49,3.46,3.55,54.9,102.3,11.53
2026,4,3,5.52,0.74,6.55,2.6,183.7,101.68,0.89
2026,4,4,6.02,1.0,9.27,3.76,62.4,101.34,0.09
2026,4,5,5.91,0.43,7.09,2.66,183.6,100.56,4.06
2026,4,6,3.81,1.17,5.24,4.23,283.5,100.31,0.04
2026,4,7,3.57,0.62,2.62,2.49,265.5,101.18,1.89
2026,4,8,2.36,1.1,1.6,2.67,344.3,102.48,0.0
2026,4,9,3.55,1.26,4.17,2.89,189.1,102.58,0.0
2026,4,10,4.91,1.19,7.79,3.16,205.2,101.7,0.01
2026,4,11,4.77,1.37,9.2,3.75,292.1,101.13,0.64
2026,4,12,3.55,1.2,5.5,2.09,322.4,102.15,0.08
2026,4,13,7.05,0.89,10.76,3.52,207.0,101.01,5.68
2026,4,14,9.5,1.36,17.2,2.44,236.2,100.47,1.58
2026,4,15,9.46,1.29,16.86,1.99,232.6,100.28,4.81
2026,4,16,9.32,1.25,14.84,1.27,117.0,100.28,5.49
2026,4,17,8.79,0.88,13.98,1.9,42.2,100.1,2.67
2026,4,18,6.43,1.15,9.06,2.2,64.6,101.01,0.5
2026,4,19,5.93,0.32,7.63,2.03,287.4,100.2,7.64
2026,4,20,3.82,1.03,4.61,2.63,278.0,100.97,0.45
2026,4,21,2.77,1.33,4.23,1.69,29.5,101.72,0.02
2026,4,22,4.46,0.5,5.29,2.78,191.4,101.25,0.16
2026,4,23,5.17,1.43,8.88,2.77,302.3,100.37,0.14
2026,4,24,4.1,1.44,6.99,2.02,17.5,100.18,0.0
2026,4,25,4.14,1.15,6.65,1.35,95.3,100.83,0.0
2026,4,26,4.94,1.37,9.01,1.47,159.5,101.08,0.06
2026,4,27,5.22,1.53,10.6,1.91,70.9,101.49,0.0
2026,4,28,5.0,1.62,8.99,2.37,76.7,101.41,0.0
2026,4,29,5.71,1.5,8.95,2.17,62.2,100.83,0.14
2026,4,30,6.5,0.54,9.16,0.92,52.2,99.99,6.17
2026,5,1,5.51,-999.0,10.36,2.55,302.0,100.04,0.15
2026,5,2,6.03,-999.0,9.78,1.7,206.9,100.27,2.75
2026,5,3,5.05,-999.0,8.42,2.99,316.4,99.94,1.03
2026,5,4,5.18,-999.0,10.84,3.4,239.4,100.1,0.09
2026,5,5,7.74,-999.0,14.98,3.66,204.2,100.11,0.04
2026,5,6,8.72,-999.0,15.0,4.04,200.9,100.04,5.79
2026,5,7,6.25,-999.0,12.29,2.74,287.3,99.84,3.19
2026,5,8,4.58,-999.0,9.69,2.65,284.3,100.05,0.08
2026,5,9,6.08,-999.0,8.79,1.89,203.3,100.49,9.14
2026,5,10,8.14,-999.0,14.12,2.22,197.3,100.35,1.47
2026,5,11,5.9,-999.0,11.88,1.76,319.4,100.81,0.75
2026,5,12,4.8,-999.0,10.65,2.26,319.0,101.02,0.02
2026,5,13,6.18,-999.0,10.7,1.85,179.5,100.79,1.74
2026,5,14,7.93,-999.0,12.85,2.65,137.2,100.09,12.06
2026,5,15,7.35,-999.0,10.48,1.68,18.8,100.05,4.6
2026,5,16,7.46,-999.0,14.45,2.59,243.3,100.67,0.11
2026,5,17,10.01,-999.0,19.15,2.65,248.5,100.46,0.54
2026,5,18,9.36,-999.0,18.81,1.96,94.4,101.21,0.15
2026,5,19,11.6,-999.0,21.34,2.63,218.9,100.74,3.59
2026,5,20,13.24,-999.0,22.59,2.94,250.6,100.32,3.23
2026,5,21,7.22,-999.0,15.84,2.09,325.3,101.15,0.16
2026,5,22,5.14,-999.0,12.72,1.93,24.4,101.92,0.01
2026,5,23,6.41,-999.0,11.67,1.91,62.7,102.25,0.27
2026,5,24,7.29,-999.0,10.84,2.21,102.4,102.29,12.03
2026,5,25,9.27,-999.0,14.77,1.79,222.0,101.06,8.2
2026,5,26,9.96,-999.0,18.54,1.74,270.6,100.84,3.73
2026,5,27,11.17,-999.0,19.8,2.37,242.5,100.13,0.58
2026,5,28,8.94,-999.0,17.45,2.33,349.2,100.0,2.17
2026,5,29,7.58,-999.0,15.63,2.12,315.8,100.19,0.94
2026,5,30,7.01,-999.0,10.63,3.75,36.1,100.05,19.36
2026,5,31,6.65,-999.0,11.27,1.62,315.5,100.62,1.03
2026,6,1,7.06,-999.0,12.66,1.87,30.0,100.69,2.96
2026,6,2,7.07,-999.0,14.87,1.74,290.0,101.14,0.07
2026,6,3,8.42,-999.0,18.7,1.28,321.0,101.21,0.0
2026,6,4,9.51,-999.0,20.08,1.95,224.0,101.02,0.01
2026,6,5,10.22,-999.0,21.77,1.66,269.6,100.54,0.05
2026,6,6,11.66,-999.0,21.18,1.87,185.7,100.19,1.61
2026,6,7,11.44,-999.0,20.67,2.99,267.1,99.74,2.08
2026,6,8,8.44,-999.0,18.23,1.55,3.2,101.21,2.24
2026,6,9,9.62,-999.0,19.72,2.55,237.9,101.15,0.15
2026,6,10,11.26,-999.0,21.67,2.58,220.9,100.41,1.18
2026,6,11,14.17,-999.0,24.47,1.54,250.9,99.79,0.81
2026,6,12,15.93,-999.0,25.89,1.02,245.7,99.62,1.6
2026,6,13,11.75,-999.0,24.64,2.26,303.2,99.95,0.09
2026,6,14,11.08,-999.0,23.07,2.54,225.5,100.09,0.55
2026,6,15,10.79,-999.0,21.54,2.57,258.3,99.46,8.7
2026,6,16,8.23,-999.0,19.57,2.37,300.4,99.96,0.01
2026,6,17,8.53,-999.0,19.65,1.66,219.5,100.08,0.47
2026,6,18,11.72,-999.0,19.47,2.96,185.7,99.65,8.31
2026,6,19,10.24,-999.0,21.25,3.67,265.5,99.21,0.24
2026,6,20,8.78,-999.0,20.19,3.77,280.1,99.47,0.15
2026,6,21,9.43,-999.0,20.12,2.0,289.3,100.06,2.51
2026,6,22,9.99,-999.0,19.27,1.26,262.0,100.77,12.45
2026,6,23,12.13,-999.0,19.15,1.51,60.8,100.32,11.08
2026,6,24,10.44,-999.0,21.09,2.17,302.1,100.24,0.63
2026,6,25,9.76,-999.0,21.87,1.42,262.9,100.78,0.01
2026,6,26,11.92,-999.0,20.47,1.7,191.5,100.87,8.16
2026,6,27,11.81,-999.0,22.27,1.17,321.8,100.8,0.52
2026,6,28,11.91,-999.0,22.59,0.9,109.9,100.65,0.71
2026,6,29,11.09,-999.0,23.17,1.52,347.3,100.87,0.02
2026,6,30,12.13,-999.0,22.83,1.73,189.9,100.98,1.18
2026,7,1,14.77,-999.0,24.82,1.94,236.0,100.49,12.37
