index,time,tavg,tmin,tmax,prcp,wdir,wspd,pres
2922,2021-03-01,3.9,-3.2,6.7,4.6,288.0,22.3,1003.4
2923,2021-03-02,-4.8,-10.5,-2.1,0.0,285.0,36.4,1011.7
2924,2021-03-03,0.3,-4.9,10.0,0.0,266.0,19.4,1010.1
2925,2021-03-04,4.1,-2.7,6.1,0.0,308.0,23.8,1005.6
2926,2021-03-05,-1.5,-4.3,2.2,0.0,294.0,29.2,1006.4
2927,2021-03-06,-1.9,-5.5,2.2,0.0,290.0,20.2,1015.3
2928,2021-03-07,-1.4,-5.5,3.3,0.0,308.0,15.8,1024.5
2929,2021-03-08,0.1,-3.8,3.3,0.0,223.0,15.1,1027.8
2930,2021-03-09,7.0,2.2,16.1,0.0,274.0,18.4,1024.7
2931,2021-03-10,5.9,1.1,8.9,0.0,82.0,13.7,1032.7
2932,2021-03-11,9.9,2.2,23.3,0.0,210.0,21.6,1022.2
2933,2021-03-12,14.9,8.3,18.3,0.0,259.0,23.0,1013.6
2934,2021-03-13,6.6,0.0,9.4,0.0,291.0,27.7,1017.5
2935,2021-03-14,4.8,-4.3,9.4,0.0,,27.7,1020.2
2936,2021-03-15,-4.6,-8.2,-1.0,0.0,320.0,30.6,1022.9
2937,2021-03-16,-3.3,-6.6,2.2,0.0,261.0,15.1,1025.3
2938,2021-03-17,4.2,-0.5,11.7,0.0,210.0,15.5,1021.0
2939,2021-03-18,6.2,3.3,9.4,16.8,262.0,17.3,1015.2
2940,2021-03-19,3.8,-0.5,6.7,0.0,349.0,25.6,1020.3
2941,2021-03-20,6.3,0.0,16.1,0.0,280.0,11.9,1031.0
2942,2021-03-21,8.9,2.2,14.4,0.0,84.0,9.7,1033.3
2943,2021-03-22,8.0,1.7,14.4,0.0,157.0,13.3,1029.7
2944,2021-03-23,8.8,3.3,13.9,0.0,116.0,10.8,1026.3
2945,2021-03-24,8.7,4.4,11.7,0.0,77.0,9.0,1023.8
2946,2021-03-25,10.4,7.8,16.7,3.8,50.0,7.9,1017.8
2947,2021-03-26,14.8,11.7,21.1,0.3,214.0,27.7,1005.8
2948,2021-03-27,11.6,6.1,15.0,0.0,350.0,22.3,1017.4
2949,2021-03-28,7.6,5.6,15.0,17.5,128.0,20.9,1011.9
2950,2021-03-29,10.3,5.6,12.2,0.0,281.0,30.6,1007.4
2951,2021-03-30,8.2,2.2,15.6,0.0,202.0,18.4,1027.9
2952,2021-03-31,13.1,6.7,21.1,5.1,193.0,23.4,1019.6
2953,2021-04-01,10.3,1.7,14.4,23.4,323.0,24.1,1006.6
2954,2021-04-02,1.7,-1.6,5.0,0.0,307.0,21.2,1018.3
2955,2021-04-03,3.1,-1.0,10.0,0.0,340.0,13.0,1023.4
2956,2021-04-04,8.6,0.6,16.7,0.0,311.0,17.3,1016.6
2957,2021-04-05,11.2,8.3,14.4,0.0,324.0,26.6,1009.3
2958,2021-04-06,10.9,7.8,16.1,0.0,356.0,13.0,1011.8
2959,2021-04-07,10.9,7.8,14.4,0.0,13.0,11.2,1016.0
2960,2021-04-08,11.6,7.2,13.3,0.0,76.0,14.8,1019.7
2961,2021-04-09,10.3,6.7,15.0,0.0,126.0,14.8,1020.9
2962,2021-04-10,14.8,8.9,25.6,0.0,202.0,15.8,1013.1
2963,2021-04-11,11.4,7.2,15.6,0.0,45.0,22.0,1008.0
2964,2021-04-12,8.3,6.1,10.6,0.0,41.0,20.9,1011.0
2965,2021-04-13,9.6,6.7,14.4,0.0,39.0,16.6,1016.4
2966,2021-04-14,9.4,7.8,10.6,0.0,111.0,15.1,1017.2
2967,2021-04-15,8.9,5.6,12.2,5.6,109.0,20.9,1010.8
2968,2021-04-16,5.7,1.7,7.2,40.6,17.0,31.7,999.7
2969,2021-04-17,5.7,3.9,10.6,2.0,333.0,17.6,1005.6
2970,2021-04-18,10.6,6.7,17.2,0.0,312.0,13.0,1008.1
2971,2021-04-19,12.3,8.9,17.2,0.3,288.0,12.2,1009.8
2972,2021-04-20,16.7,10.6,24.4,0.0,237.0,18.7,1010.6
2973,2021-04-21,15.2,3.3,22.2,6.1,204.0,24.1,1005.4
2974,2021-04-22,5.3,1.1,8.3,0.0,277.0,32.4,1003.7
2975,2021-04-23,8.6,3.3,15.6,0.0,266.0,27.4,1008.9
2976,2021-04-24,15.9,10.0,23.3,0.0,253.0,19.8,1011.5
2977,2021-04-25,13.0,10.0,13.9,2.8,127.0,12.2,1007.5
2978,2021-04-26,10.9,8.3,13.9,0.0,299.0,24.5,1010.2
2979,2021-04-27,11.7,7.2,20.6,0.0,267.0,17.3,1014.7
2980,2021-04-28,13.1,9.4,15.6,5.6,77.0,11.2,1012.4
2981,2021-04-29,9.6,8.9,10.0,22.6,52.0,10.1,1006.5
2982,2021-04-30,12.8,6.1,18.3,3.8,287.0,28.4,992.2
2983,2021-05-01,11.8,6.7,18.3,0.5,292.0,23.0,1005.1
2984,2021-05-02,16.8,10.0,25.0,0.3,244.0,21.6,1005.8
2985,2021-05-03,15.8,10.0,18.3,0.5,55.0,14.4,1011.8
2986,2021-05-04,10.2,8.9,12.8,17.0,50.0,17.3,1009.7
2987,2021-05-05,9.6,8.9,10.0,13.5,55.0,12.6,1007.5
2988,2021-05-06,13.6,10.0,19.4,0.0,311.0,17.3,1009.5
2989,2021-05-07,12.3,8.9,13.3,0.0,56.0,16.6,1014.8
2990,2021-05-08,10.1,7.8,12.8,0.0,44.0,18.4,1011.0
2991,2021-05-09,14.6,9.4,20.6,0.0,263.0,19.8,1012.6
2992,2021-05-10,13.0,9.4,17.2,8.6,121.0,13.0,1010.9
2993,2021-05-11,14.9,10.6,18.9,0.0,273.0,23.8,1013.3
2994,2021-05-12,14.1,8.9,20.6,0.0,289.0,16.9,1017.3
2995,2021-05-13,15.8,10.6,21.7,0.0,290.0,11.9,1020.6
2996,2021-05-14,18.2,13.3,25.0,0.0,255.0,15.8,1020.6
2997,2021-05-15,19.6,16.1,23.3,0.0,190.0,14.4,1021.7
2998,2021-05-16,19.8,14.4,26.1,0.3,251.0,13.7,1022.6
2999,2021-05-17,17.8,12.2,23.9,0.0,129.0,11.2,1024.1
3000,2021-05-18,21.5,15.0,28.9,0.0,278.0,15.1,1022.4
3001,2021-05-19,21.2,14.4,22.2,0.0,72.0,16.6,1025.0
3002,2021-05-20,17.1,12.8,20.6,0.0,115.0,14.0,1031.9
3003,2021-05-21,19.2,13.3,27.8,0.0,208.0,17.3,1030.6
3004,2021-05-22,22.6,16.7,31.7,0.0,208.0,12.6,1019.6
3005,2021-05-23,25.9,16.7,32.2,0.0,295.0,19.8,1011.2
3006,2021-05-24,17.3,12.8,19.4,0.0,96.0,21.2,1024.2
3007,2021-05-25,17.7,11.7,26.1,0.0,213.0,25.6,1021.6
3008,2021-05-26,23.6,17.2,33.3,7.1,219.0,23.4,1013.3
3009,2021-05-27,23.9,16.7,28.3,0.3,287.0,19.4,1011.3
3010,2021-05-28,14.9,7.2,16.7,27.4,57.0,18.4,1019.4
3011,2021-05-29,9.4,8.3,10.6,27.4,45.0,31.7,1019.5
3012,2021-05-30,10.3,10.0,10.6,18.3,47.0,27.7,1023.7
3013,2021-05-31,12.6,10.6,16.7,3.8,325.0,14.8,1020.1
3014,2021-06-01,18.6,12.2,25.0,0.0,247.0,16.6,1022.2
3015,2021-06-02,20.8,14.4,26.1,0.0,192.0,14.8,1022.4
3016,2021-06-03,19.7,15.6,24.4,0.0,194.0,16.2,1017.5
3017,2021-06-04,22.5,18.9,27.2,2.8,226.0,16.6,1011.4
3018,2021-06-05,24.8,17.2,32.8,0.0,230.0,18.0,1010.3
3019,2021-06-06,29.3,21.1,34.4,0.0,254.0,16.2,1014.3
3020,2021-06-07,29.6,22.8,35.6,0.0,222.0,19.8,1016.2
3021,2021-06-08,28.8,23.9,35.0,0.0,242.0,15.1,1015.4
3022,2021-06-09,27.3,23.3,33.3,1.3,316.0,11.2,1013.5
3023,2021-06-10,21.9,15.0,24.4,0.0,62.0,17.6,1017.8
3024,2021-06-11,16.4,13.9,18.9,3.0,115.0,11.9,1017.3
3025,2021-06-12,17.8,15.6,21.7,15.0,145.0,9.0,1011.6
3026,2021-06-13,22.4,16.7,29.4,0.0,228.0,16.6,1011.4
3027,2021-06-14,18.8,15.6,21.1,13.5,170.0,10.1,1012.2
3028,2021-06-15,19.3,16.7,22.8,0.3,65.0,8.3,1006.8
3029,2021-06-16,20.4,17.2,25.0,0.0,307.0,18.4,1007.8
3030,2021-06-17,21.4,15.6,26.7,0.0,284.0,13.3,1012.8
3031,2021-06-18,23.3,15.6,29.4,0.0,231.0,14.4,1013.7
3032,2021-06-19,25.5,20.6,32.8,0.0,233.0,20.5,1006.5
3033,2021-06-20,26.3,21.7,31.7,0.0,227.0,16.9,1007.5
3034,2021-06-21,25.8,20.6,30.6,0.0,195.0,21.6,1005.9
3035,2021-06-22,24.4,17.2,30.6,23.1,260.0,15.5,1004.5
3036,2021-06-23,18.8,15.0,23.9,0.0,314.0,16.2,1018.8
3037,2021-06-24,18.9,15.0,23.3,0.0,107.0,15.8,1028.8
3038,2021-06-25,17.8,16.1,21.1,2.3,80.0,12.6,1026.5
3039,2021-06-26,23.1,18.9,30.0,0.0,209.0,22.0,1023.2
3040,2021-06-27,27.1,23.3,31.7,0.0,217.0,26.3,1020.1
3041,2021-06-28,29.4,23.9,36.1,0.0,230.0,22.7,1019.8
3042,2021-06-29,31.5,26.1,37.2,0.0,253.0,16.9,1019.2
3043,2021-06-30,31.0,22.2,37.8,4.1,237.0,15.8,1013.6
3044,2021-07-01,25.4,20.0,29.4,32.5,249.0,14.4,1010.1
3045,2021-07-02,18.3,15.0,20.6,42.4,39.0,22.7,1009.6
3046,2021-07-03,15.1,13.9,15.6,42.7,30.0,20.9,1010.3
3047,2021-07-04,15.9,14.4,20.0,7.9,10.0,11.9,1012.0
3048,2021-07-05,18.1,13.9,25.6,0.0,65.0,12.2,1018.1
3049,2021-07-06,24.9,20.6,33.3,7.4,230.0,23.8,1012.0
3050,2021-07-07,26.9,21.1,33.3,0.8,262.0,13.7,1012.2
3051,2021-07-08,20.6,17.8,21.7,7.6,43.0,14.4,1017.6
3052,2021-07-09,19.6,17.2,25.6,51.8,24.0,16.9,1010.5
3053,2021-07-10,21.9,17.8,23.3,1.3,38.0,10.8,1015.1
3054,2021-07-11,21.7,16.7,27.8,0.8,180.0,8.3,1019.2
3055,2021-07-12,20.4,18.3,21.7,30.7,50.0,13.0,1021.8
3056,2021-07-13,19.4,18.3,21.1,0.3,63.0,12.6,1025.4
3057,2021-07-14,20.5,18.9,25.6,0.0,73.0,7.6,1021.2
3058,2021-07-15,23.4,21.7,26.1,0.0,62.0,10.1,1017.8
3059,2021-07-16,27.4,23.3,35.0,0.5,223.0,17.6,1014.6
3060,2021-07-17,24.4,21.1,26.1,4.3,64.0,12.6,1018.2
3061,2021-07-18,21.5,19.4,23.3,7.6,43.0,13.7,1016.0
3062,2021-07-19,20.3,19.4,22.8,0.0,64.0,10.8,1013.7
3063,2021-07-20,25.1,20.0,31.1,0.0,266.0,11.5,1011.0
3064,2021-07-21,25.5,20.0,28.9,0.0,278.0,15.1,1010.6
3065,2021-07-22,22.3,18.3,25.6,0.0,3.0,13.0,1015.5
3066,2021-07-23,23.0,20.6,26.7,0.0,335.0,12.2,1018.3
3067,2021-07-24,22.1,17.8,25.0,0.0,67.0,13.7,1018.9
3068,2021-07-25,22.1,20.6,24.4,3.8,203.0,18.0,1013.3
3069,2021-07-26,26.5,21.1,33.9,0.0,255.0,13.0,1010.5
3070,2021-07-27,26.7,20.6,30.6,9.7,307.0,13.7,1012.5
3071,2021-07-28,21.1,18.9,23.9,0.0,63.0,13.7,1015.4
3072,2021-07-29,22.1,18.9,27.2,0.3,205.0,22.3,1013.7
3073,2021-07-30,23.3,18.3,28.9,3.6,304.0,20.5,1005.7
3074,2021-07-31,20.7,16.1,26.1,0.0,284.0,16.9,1012.7
3075,2021-08-01,21.6,16.7,25.6,0.0,183.0,13.7,1012.9
3076,2021-08-02,23.2,18.9,28.3,0.0,278.0,14.4,1011.7
3077,2021-08-03,22.6,18.3,25.0,0.0,129.0,9.0,1019.1
3078,2021-08-04,22.0,18.3,23.9,14.7,105.0,12.2,1020.7
3079,2021-08-05,19.4,18.3,21.7,36.1,25.0,13.7,1018.8
3080,2021-08-06,23.9,19.4,31.7,0.0,200.0,13.0,1019.5
3081,2021-08-07,26.7,21.7,33.3,0.0,228.0,16.6,1016.8
3082,2021-08-08,25.7,21.7,28.9,0.0,57.0,11.5,1018.1
3083,2021-08-09,22.2,20.0,23.9,29.2,51.0,15.1,1021.9
3084,2021-08-10,21.0,19.4,24.4,0.8,46.0,10.8,1020.9
3085,2021-08-11,27.2,22.8,33.9,0.0,205.0,19.1,1015.2
3086,2021-08-12,29.1,24.4,35.6,0.0,231.0,15.5,1013.2
3087,2021-08-13,28.6,24.4,32.8,0.0,166.0,11.5,1015.3
3088,2021-08-14,29.3,25.6,33.3,0.3,264.0,15.5,1015.7
3089,2021-08-15,25.0,21.1,26.7,0.0,32.0,13.3,1021.2
3090,2021-08-16,22.3,18.3,25.6,0.0,50.0,11.9,1023.0
3091,2021-08-17,23.9,19.4,29.4,0.0,211.0,14.8,1022.5
3092,2021-08-18,25.8,22.2,31.7,0.0,211.0,15.1,1022.4
3093,2021-08-19,25.1,22.8,30.6,29.0,167.0,16.9,1015.0
3094,2021-08-20,24.8,22.8,26.7,1.3,158.0,10.1,1010.7
3095,2021-08-21,25.0,22.2,28.3,0.0,78.0,13.0,1013.9
3096,2021-08-22,22.4,21.1,23.9,19.3,64.0,28.4,1010.6
3097,2021-08-23,22.6,20.6,24.4,42.9,84.0,15.1,1011.1
3098,2021-08-24,25.1,21.7,32.8,0.0,311.0,13.0,1010.7
3099,2021-08-25,29.0,24.4,34.4,0.0,301.0,9.4,1017.5
3100,2021-08-26,29.3,23.9,35.6,0.0,222.0,11.2,1017.7
3101,2021-08-27,28.6,23.3,32.2,0.0,36.0,13.7,1018.2
3102,2021-08-28,22.1,17.8,23.9,1.8,70.0,19.8,1026.5
3103,2021-08-29,19.8,17.8,22.8,2.0,136.0,10.8,1022.9
3104,2021-08-30,25.2,21.7,31.1,0.5,222.0,19.8,1011.3
3105,2021-08-31,26.2,22.8,28.9,0.0,265.0,16.6,1006.9
3106,2021-09-01,22.5,16.1,23.9,42.9,318.0,13.7,1010.1
3107,2021-09-02,19.0,16.1,25.0,64.5,347.0,23.4,1007.2
3108,2021-09-03,19.7,15.0,25.0,0.0,300.0,16.9,1014.0
3109,2021-09-04,21.7,17.2,27.2,0.0,276.0,15.8,1013.8
3110,2021-09-05,21.0,17.8,23.3,1.3,204.0,14.0,1011.5
3111,2021-09-06,23.8,20.6,28.9,0.0,249.0,16.9,1007.3
3112,2021-09-07,23.1,18.3,27.8,0.0,258.0,16.2,1012.6
3113,2021-09-08,23.4,17.8,29.4,0.0,192.0,22.0,1012.0
3114,2021-09-09,23.6,20.0,24.4,24.4,190.0,11.9,1008.4
3115,2021-09-10,21.8,17.2,26.1,4.8,293.0,18.4,1008.3
3116,2021-09-11,20.3,15.0,26.1,0.0,251.0,17.6,1019.0
3117,2021-09-12,22.8,18.3,28.3,0.0,222.0,24.1,1016.2
3118,2021-09-13,24.7,18.9,27.8,1.5,290.0,14.4,1014.5
3119,2021-09-14,20.7,17.2,22.8,0.0,68.0,13.7,1018.2
3120,2021-09-15,24.0,20.0,30.0,0.0,192.0,18.4,1014.8
3121,2021-09-16,21.9,18.3,23.9,7.9,15.0,13.7,1023.4
3122,2021-09-17,19.3,18.3,21.1,0.0,23.0,13.3,1025.5
3123,2021-09-18,20.1,18.9,23.3,1.5,22.0,8.6,1017.4
3124,2021-09-19,20.4,16.7,22.2,7.1,44.0,14.8,1020.0
3125,2021-09-20,18.3,13.9,22.2,0.0,68.0,10.1,1027.9
3126,2021-09-21,18.3,13.9,22.8,0.0,82.0,10.1,1028.8
3127,2021-09-22,22.2,18.9,26.7,0.0,148.0,12.6,1022.1
3128,2021-09-23,22.8,19.4,27.8,0.8,132.0,13.0,1018.7
3129,2021-09-24,23.2,20.6,26.7,0.0,169.0,18.4,1016.6
3130,2021-09-25,21.1,18.3,23.9,0.8,34.0,10.1,1015.8
3131,2021-09-26,20.4,16.1,25.0,14.0,307.0,17.3,1008.8
3132,2021-09-27,19.6,14.4,24.4,0.0,225.0,19.8,1011.5
3133,2021-09-28,20.7,14.4,21.7,18.3,249.0,13.7,1008.8
3134,2021-09-29,15.7,11.1,18.9,0.0,345.0,14.8,1013.2
3135,2021-09-30,15.0,11.7,17.8,0.0,312.0,15.8,1017.1
3136,2021-10-01,14.8,10.6,20.6,0.0,295.0,14.8,1020.8
3137,2021-10-02,17.4,11.1,24.4,0.0,243.0,15.5,1018.1
3138,2021-10-03,17.6,15.0,20.0,3.3,45.0,11.5,1015.6
3139,2021-10-04,16.2,12.8,17.2,27.4,67.0,25.2,1018.6
3140,2021-10-05,14.4,12.2,17.2,7.6,13.0,14.0,1024.1
3141,2021-10-06,16.4,13.3,20.0,0.0,359.0,7.9,1027.5
3142,2021-10-07,17.7,13.3,23.3,0.0,109.0,6.5,1024.5
3143,2021-10-08,18.3,15.0,21.7,0.0,38.0,16.9,1022.1
3144,2021-10-09,17.1,16.1,18.9,0.0,79.0,22.3,1026.8
3145,2021-10-10,17.1,16.1,18.9,0.0,82.0,16.9,1025.2
3146,2021-10-11,18.0,15.6,20.6,0.0,52.0,13.0,1020.6
3147,2021-10-12,18.1,13.9,23.9,0.0,354.0,6.8,1019.3
3148,2021-10-13,19.8,15.6,25.6,0.0,206.0,11.9,1015.6
3149,2021-10-14,19.2,15.6,23.9,0.0,208.0,11.5,1012.2
3150,2021-10-15,18.1,15.6,20.6,0.0,128.0,13.0,1013.0
3151,2021-10-16,20.4,16.7,24.4,0.5,193.0,24.8,1007.5
3152,2021-10-17,16.7,11.1,18.3,7.9,285.0,20.5,1004.5
3153,2021-10-18,12.6,8.3,16.7,0.0,292.0,22.7,1006.8
3154,2021-10-19,11.5,7.8,17.2,0.0,275.0,21.2,1009.8
3155,2021-10-20,15.7,12.2,22.2,0.0,258.0,16.6,1011.9
3156,2021-10-21,18.9,14.4,23.9,0.0,223.0,15.5,1013.7
3157,2021-10-22,18.3,12.8,22.2,0.0,245.0,18.0,1009.6
3158,2021-10-23,13.0,9.4,15.6,0.0,299.0,15.5,1013.3
3159,2021-10-24,10.2,6.7,14.4,0.0,278.0,15.8,1019.3
3160,2021-10-25,11.4,10.0,13.3,20.6,39.0,20.5,1017.8
3161,2021-10-26,13.7,10.0,15.6,23.4,38.0,37.1,1003.8
3162,2021-10-27,10.3,8.3,11.1,2.5,12.0,42.8,1002.6
3163,2021-10-28,8.7,6.1,10.0,0.0,348.0,16.2,1014.5
3164,2021-10-29,7.6,5.0,11.1,0.0,17.0,19.1,1015.1
3165,2021-10-30,12.4,11.1,15.0,25.9,88.0,24.1,1008.4
3166,2021-10-31,15.2,11.7,19.4,10.7,255.0,20.9,998.3
3167,2021-11-01,13.1,8.3,15.6,0.0,258.0,20.5,1012.9
3168,2021-11-02,10.6,7.2,13.9,0.0,246.0,14.8,1020.7
3169,2021-11-03,8.9,4.4,11.1,0.0,295.0,15.8,1021.8
3170,2021-11-04,5.9,2.2,9.4,0.0,28.0,10.8,1026.7
3171,2021-11-05,6.7,2.8,10.6,0.0,336.0,12.2,1026.7
3172,2021-11-06,6.2,2.2,10.6,0.0,250.0,10.8,1028.7
3173,2021-11-07,6.5,1.1,12.2,0.0,100.0,6.8,1022.5
3174,2021-11-08,9.1,4.4,15.6,0.0,350.0,10.8,1019.5
3175,2021-11-09,12.1,5.6,21.1,0.0,251.0,7.9,1016.8
3176,2021-11-10,13.4,8.9,16.7,0.0,333.0,13.7,1016.9
3177,2021-11-11,9.3,5.0,11.7,0.0,76.0,14.0,1027.1
3178,2021-11-12,12.6,9.4,17.2,13.5,159.0,26.3,1017.6
3179,2021-11-13,10.9,5.0,13.9,4.8,354.0,15.5,1007.6
3180,2021-11-14,6.7,2.8,10.0,0.0,233.0,16.9,1010.2
3181,2021-11-15,7.0,4.4,9.4,2.0,251.0,19.8,1006.3
3182,2021-11-16,5.6,2.8,9.4,0.0,276.0,23.8,1016.1
3183,2021-11-17,4.9,1.1,11.1,0.0,177.0,13.0,1025.2
3184,2021-11-18,13.8,11.1,21.1,0.0,207.0,21.6,1014.5
3185,2021-11-19,9.3,2.8,12.8,7.1,288.0,23.0,1019.2
3186,2021-11-20,3.7,0.6,6.7,0.0,245.0,13.7,1032.2
3187,2021-11-21,6.7,3.9,12.2,0.0,185.0,11.9,1024.6
3188,2021-11-22,11.4,2.8,13.9,5.6,260.0,18.4,1009.5
3189,2021-11-23,2.6,-2.1,4.4,0.0,317.0,24.5,1012.8
3190,2021-11-24,0.6,-2.7,6.1,0.0,303.0,22.3,1021.4
3191,2021-11-25,5.7,1.7,12.2,0.0,272.0,11.9,1014.4
3192,2021-11-26,7.4,1.7,8.3,1.0,260.0,20.2,999.6
3193,2021-11-27,1.9,-1.0,3.9,0.0,280.0,27.0,1003.9
3194,2021-11-28,0.6,-1.6,3.3,0.0,252.0,12.2,1011.1
3195,2021-11-29,2.3,-1.6,5.0,0.0,328.0,16.9,1010.5
3196,2021-11-30,0.1,-3.2,5.0,0.0,262.0,17.6,1013.4
3197,2021-12-01,3.8,0.6,7.8,0.0,258.0,15.8,1017.9
3198,2021-12-02,7.6,2.2,15.6,0.5,194.0,18.0,1007.4
3199,2021-12-03,6.4,0.6,7.2,0.0,277.0,25.9,1007.6
3200,2021-12-04,1.6,-2.1,5.6,0.0,241.0,15.5,1018.5
3201,2021-12-05,5.1,3.3,8.3,0.0,260.0,14.0,1026.9
3202,2021-12-06,9.4,5.6,16.7,6.4,177.0,26.3,1011.3
3203,2021-12-07,6.6,1.1,7.2,0.0,276.0,19.4,1016.8
3204,2021-12-08,1.8,-2.1,2.8,0.0,356.0,16.2,1017.4
3205,2021-12-09,-0.3,-3.2,3.3,0.3,317.0,15.1,1019.8
3206,2021-12-10,1.8,-2.1,6.7,0.0,59.0,8.6,1023.3
3207,2021-12-11,6.2,1.7,17.8,6.4,271.0,20.5,1008.8
3208,2021-12-12,9.8,3.3,16.7,1.0,267.0,27.4,1012.9
3209,2021-12-13,5.9,2.8,11.1,0.0,230.0,25.9,1019.2
3210,2021-12-14,8.0,1.7,10.6,0.0,307.0,17.3,1029.4
3211,2021-12-15,3.5,0.0,7.2,0.5,126.0,11.9,1035.9
3212,2021-12-16,10.9,7.2,15.6,4.3,216.0,23.0,1015.3
3213,2021-12-17,12.9,5.6,15.6,0.0,268.0,25.9,1012.7
3214,2021-12-18,4.8,0.6,6.1,14.2,0.0,11.5,1019.5
3215,2021-12-19,2.5,-4.9,6.7,9.7,328.0,23.8,1015.1
3216,2021-12-20,-3.6,-6.6,0.6,0.0,260.0,14.8,1025.0
3217,2021-12-21,1.7,-1.0,6.7,0.0,235.0,14.4,1017.1
3218,2021-12-22,3.9,0.6,6.1,2.3,320.0,16.2,1002.8
3219,2021-12-23,-0.3,-4.3,0.6,0.0,304.0,20.9,1017.1
3220,2021-12-24,-3.4,-4.9,-1.0,0.0,303.0,6.8,1019.9
3221,2021-12-25,-0.4,-2.1,2.2,8.1,343.0,9.7,1004.4
3222,2021-12-26,2.0,0.6,4.4,6.1,317.0,20.9,1008.0
3223,2021-12-27,0.6,-1.0,1.7,0.0,303.0,14.0,1016.2
3224,2021-12-28,2.9,0.6,7.8,1.0,252.0,11.2,1010.0
3225,2021-12-29,4.6,2.2,5.6,0.0,357.0,5.4,1013.6
3226,2021-12-30,4.4,3.3,5.6,1.5,358.0,5.8,1014.6
3227,2021-12-31,5.6,4.4,7.8,0.0,64.0,4.7,1014.4
3228,2022-01-01,7.7,6.7,11.1,2.0,66.0,5.4,1009.7
3229,2022-01-02,7.4,0.6,7.8,5.8,337.0,14.4,1003.8
3230,2022-01-03,-1.4,-6.0,0.6,0.0,338.0,22.7,1019.3
3231,2022-01-04,-4.9,-8.2,-0.5,0.0,269.0,15.8,1026.3
3232,2022-01-05,2.8,-2.7,10.6,3.0,197.0,18.0,1014.1
3233,2022-01-06,4.6,0.0,6.1,0.0,271.0,17.3,1011.3
3234,2022-01-07,-0.5,-4.9,0.6,12.2,316.0,21.6,1011.7
3235,2022-01-08,-4.7,-8.2,-2.1,0.0,290.0,17.3,1029.7
3236,2022-01-09,-0.3,-6.0,6.1,0.3,220.0,25.9,1020.1
3237,2022-01-10,0.5,-5.5,4.4,0.0,289.0,27.0,1015.6
3238,2022-01-11,-9.1,-13.2,-5.5,0.0,302.0,21.2,1028.9
3239,2022-01-12,-5.3,-12.1,5.6,0.0,222.0,20.9,1022.1
3240,2022-01-13,2.3,-1.6,7.8,0.0,148.0,6.8,1016.3
3241,2022-01-14,2.8,-9.3,5.0,0.0,346.0,26.3,1008.8
3242,2022-01-15,-10.6,-15.5,-9.3,0.0,310.0,27.7,1020.5
3243,2022-01-16,-10.8,-14.9,1.7,0.0,0.0,13.3,1027.4
3244,2022-01-17,3.7,1.7,9.4,18.5,165.0,38.5,993.2
3245,2022-01-18,-0.5,-6.0,2.2,0.0,290.0,29.2,1004.7
3246,2022-01-19,-1.2,-6.6,7.8,0.0,218.0,22.3,1017.0
3247,2022-01-20,3.0,-7.1,5.0,3.8,297.0,17.6,1019.1
3248,2022-01-21,-8.0,-12.7,-5.5,0.0,340.0,17.6,1033.7
3249,2022-01-22,-7.7,-10.5,-3.2,0.0,353.0,14.4,1027.5
3250,2022-01-23,-3.7,-7.1,1.7,0.3,235.0,16.2,1011.5
3251,2022-01-24,-2.4,-4.9,-1.0,1.0,334.0,11.9,1011.9
3252,2022-01-25,0.5,-2.1,5.0,0.5,247.0,14.4,1013.8
3253,2022-01-26,-4.0,-11.0,-2.1,0.0,319.0,19.8,1025.3
3254,2022-01-27,-8.6,-12.7,-2.7,0.0,262.0,13.7,1029.3
3255,2022-01-28,-1.7,-3.8,2.2,0.3,259.0,11.9,1020.0
3256,2022-01-29,-4.8,-11.0,-1.6,11.4,346.0,36.7,1002.1
3257,2022-01-30,-9.3,-12.1,-4.9,0.0,285.0,23.0,1010.3
3258,2022-01-31,-6.2,-9.9,-0.5,0.0,317.0,8.6,1027.4
3259,2022-02-01,-3.5,-7.7,1.7,0.0,18.0,14.0,1034.9
3260,2022-02-02,1.7,-0.5,5.6,0.0,14.0,2.5,1031.4
3261,2022-02-03,4.3,1.7,8.3,4.3,190.0,11.9,1023.6
3262,2022-02-04,1.2,-5.5,4.4,47.5,11.0,19.1,1014.9
3263,2022-02-05,-5.4,-9.3,-4.3,1.3,325.0,22.7,1021.0
3264,2022-02-06,-7.9,-12.1,-2.7,0.0,330.0,11.2,1036.3
3265,2022-02-07,-1.7,-5.5,5.0,10.4,31.0,6.8,1027.1
3266,2022-02-08,3.7,1.7,5.6,12.4,300.0,18.0,1010.4
3267,2022-02-09,2.0,-1.0,6.1,0.0,231.0,15.8,1015.6
3268,2022-02-10,3.7,-1.0,10.6,0.0,230.0,15.5,1010.6
3269,2022-02-11,5.3,-0.5,11.1,0.0,200.0,16.2,1014.6
3270,2022-02-12,9.6,3.9,15.6,0.0,239.0,23.4,1012.0
3271,2022-02-13,0.9,-3.8,3.9,5.6,345.0,16.2,1019.7
3272,2022-02-14,-5.8,-9.9,-3.8,0.3,320.0,23.0,1017.3
3273,2022-02-15,-8.1,-11.6,-2.7,0.0,278.0,18.0,1034.2
3274,2022-02-16,-2.4,-8.2,8.3,0.0,197.0,21.6,1037.2
3275,2022-02-17,10.3,6.1,16.1,0.8,205.0,27.7,1018.1
3276,2022-02-18,10.7,-3.8,16.7,7.9,275.0,34.9,1002.7
3277,2022-02-19,-1.9,-6.6,3.9,0.0,253.0,24.8,1014.0
3278,2022-02-20,-4.2,-8.8,0.6,0.0,255.0,25.2,1026.4
3279,2022-02-21,3.3,-0.5,11.7,0.0,214.0,16.6,1025.9
3280,2022-02-22,3.8,-1.0,12.8,8.9,90.0,14.4,1025.5
3281,2022-02-23,14.1,0.0,20.6,0.0,245.0,28.1,1011.4
3282,2022-02-24,-1.6,-5.5,0.0,0.0,325.0,15.5,1030.5
3283,2022-02-25,-1.8,-7.7,0.6,17.8,48.0,23.4,1022.1
3284,2022-02-26,-5.8,-10.5,-0.5,0.0,291.0,12.2,1026.7
3285,2022-02-27,-1.1,-5.5,5.0,0.0,260.0,24.5,1013.3
3286,2022-02-28,-3.7,-7.7,-1.6,0.0,317.0,19.8,1022.0
3287,2022-03-01,-3.2,-8.2,3.3,2.3,189.0,15.1,1022.1
3288,2022-03-02,4.1,0.6,6.1,0.0,263.0,17.3,1012.9
3289,2022-03-03,1.9,-6.0,3.9,4.1,297.0,25.9,1014.9
3290,2022-03-04,-4.2,-8.2,1.7,0.0,283.0,15.8,1030.7
3291,2022-03-05,0.3,-3.2,5.6,0.0,247.0,15.1,1031.3
3292,2022-03-06,7.7,2.2,18.3,0.3,207.0,25.6,1014.5
3293,2022-03-07,13.7,10.0,17.8,7.9,229.0,19.4,1005.5
3294,2022-03-08,7.0,2.2,10.0,0.0,287.0,27.4,1012.5
3295,2022-03-09,2.2,0.0,4.4,6.6,11.0,8.3,1019.2
3296,2022-03-10,3.2,-1.6,10.6,0.0,263.0,12.6,1019.4
3297,2022-03-11,5.0,-0.5,10.6,0.0,166.0,13.7,1017.6
3298,2022-03-12,4.8,-4.3,7.8,9.1,340.0,21.6,994.7
3299,2022-03-13,-2.4,-5.5,2.2,0.0,,29.5,1010.4
3300,2022-03-14,3.4,-1.6,11.1,0.0,237.0,18.4,1026.1
3301,2022-03-15,8.5,5.6,15.0,0.5,159.0,16.9,1022.7
3302,2022-03-16,5.9,3.9,9.4,0.0,68.0,13.3,1022.6
3303,2022-03-17,6.1,3.3,8.9,0.8,91.0,7.9,1018.9
3304,2022-03-18,11.9,8.3,20.0,0.0,307.0,9.7,1013.8
3305,2022-03-19,9.5,6.1,12.8,5.1,36.0,10.4,1012.7
3306,2022-03-20,11.0,5.6,16.7,0.0,269.0,16.9,1005.3
3307,2022-03-21,9.9,6.1,15.0,0.0,300.0,27.0,1011.8
3308,2022-03-22,7.3,2.2,11.1,0.0,308.0,25.2,1017.2
3309,2022-03-23,3.7,0.6,6.1,0.0,64.0,14.0,1024.5
3310,2022-03-24,4.8,3.9,6.1,19.0,83.0,27.0,1018.7
3311,2022-03-25,7.6,3.9,15.6,6.4,280.0,15.8,1000.9
3312,2022-03-26,10.0,6.1,12.8,8.4,267.0,15.5,996.7
3313,2022-03-27,6.9,-0.5,10.0,0.0,272.0,25.6,998.2
3314,2022-03-28,-0.8,-6.6,0.6,0.3,293.0,27.4,1006.8
3315,2022-03-29,-2.6,-7.1,3.3,0.0,305.0,28.1,1015.0
3316,2022-03-30,2.8,-1.6,10.0,0.0,274.0,20.9,1018.9
3317,2022-03-31,10.6,4.4,18.3,3.8,195.0,26.3,1007.8
3318,2022-04-01,13.9,4.4,15.6,10.2,271.0,22.7,998.3
3319,2022-04-02,7.2,3.9,12.2,0.0,295.0,24.5,1012.0
3320,2022-04-03,6.4,1.7,8.9,0.0,35.0,14.8,1010.6
3321,2022-04-04,7.5,3.3,14.4,0.3,309.0,20.2,1010.2
3322,2022-04-05,10.1,6.1,15.0,0.0,254.0,14.8,1016.4
3323,2022-04-06,7.5,5.0,8.3,2.8,68.0,16.6,1014.7
3324,2022-04-07,6.9,3.9,9.4,0.3,56.0,22.0,1014.3
3325,2022-04-08,11.4,6.7,17.2,3.8,193.0,19.8,1002.4
3326,2022-04-09,10.5,6.1,15.6,2.8,224.0,15.5,1003.1
3327,2022-04-10,8.8,5.0,13.3,0.0,293.0,22.3,1003.6
3328,2022-04-11,9.8,4.4,17.8,0.0,270.0,19.1,1014.7
3329,2022-04-12,13.2,9.4,21.1,0.8,255.0,15.5,1013.8
3330,2022-04-13,15.7,8.3,22.8,0.0,235.0,14.8,1015.8
3331,2022-04-14,10.1,7.8,10.0,5.8,5.0,15.1,1011.4
3332,2022-04-15,12.6,7.8,19.4,0.0,273.0,20.9,1016.2
3333,2022-04-16,15.4,6.1,22.2,9.9,220.0,26.3,1012.3
3334,2022-04-17,7.8,5.0,10.0,0.0,305.0,21.2,1015.8
3335,2022-04-18,7.2,3.9,10.0,0.0,65.0,22.3,1026.4
3336,2022-04-19,9.3,6.1,15.0,14.2,185.0,34.9,1005.7
3337,2022-04-20,8.6,5.0,13.9,0.0,272.0,23.0,1021.5
3338,2022-04-21,10.3,5.0,16.7,0.0,149.0,24.5,1031.1
3339,2022-04-22,13.5,9.4,18.3,0.0,288.0,22.7,1025.1
3340,2022-04-23,10.9,7.2,14.4,0.0,7.0,13.0,1026.8
3341,2022-04-24,8.6,6.1,12.2,0.0,83.0,16.2,1026.1
3342,2022-04-25,9.3,7.8,11.7,0.0,88.0,16.9,1025.1
3343,2022-04-26,9.6,7.8,12.8,5.8,195.0,12.6,1019.1
3344,2022-04-27,11.4,5.6,15.0,2.3,304.0,24.1,1008.4
3345,2022-04-28,7.6,3.9,11.7,0.0,310.0,29.5,1010.6
3346,2022-04-29,8.4,4.4,13.9,0.0,322.0,23.8,1014.4
3347,2022-04-30,8.6,5.0,12.2,0.0,7.0,14.8,1017.9
3348,2022-05-01,11.2,7.2,16.1,0.0,215.0,15.5,1018.9
3349,2022-05-02,10.6,7.2,13.3,4.1,112.0,15.1,1020.5
3350,2022-05-03,8.9,7.8,11.7,2.3,63.0,16.9,1022.3
3351,2022-05-04,9.3,8.3,12.2,3.0,58.0,10.4,1016.7
3352,2022-05-05,13.8,10.0,21.1,0.0,323.0,11.9,1016.0
3353,2022-05-06,13.7,10.0,16.1,0.0,142.0,11.2,1014.6
3354,2022-05-07,10.3,7.8,11.7,0.0,47.0,33.5,1015.8
3355,2022-05-08,8.9,5.6,12.2,0.0,45.0,27.0,1022.7
3356,2022-05-09,9.1,5.0,13.3,0.0,31.0,27.7,1026.9
3357,2022-05-10,11.0,7.2,14.4,0.0,37.0,24.8,1030.3
3358,2022-05-11,10.4,7.8,15.6,0.0,48.0,18.7,1027.8
3359,2022-05-12,12.2,10.6,15.6,0.0,58.0,10.4,1027.3
3360,2022-05-13,14.6,10.6,26.1,0.0,95.0,14.0,1024.7
3361,2022-05-14,23.1,18.3,30.0,0.0,215.0,16.9,1016.8
3362,2022-05-15,20.9,17.2,25.6,0.3,181.0,13.7,1010.6
3363,2022-05-16,19.3,14.4,26.1,2.3,168.0,18.7,1004.5
3364,2022-05-17,18.6,14.4,23.3,0.0,262.0,30.6,1003.7
3365,2022-05-18,17.0,12.2,22.8,0.0,314.0,16.6,1010.7
3366,2022-05-19,14.4,11.7,17.8,0.3,145.0,10.4,1009.1
3367,2022-05-20,13.3,11.1,18.9,0.0,99.0,15.5,1015.1
3368,2022-05-21,15.9,12.2,21.7,0.5,58.0,9.4,1015.9
3369,2022-05-22,19.4,13.3,31.7,2.3,134.0,14.4,1014.2
3370,2022-05-23,19.4,13.9,22.2,0.0,0.0,16.2,1020.4
3371,2022-05-24,14.2,11.1,16.1,0.0,81.0,16.9,1027.4
3372,2022-05-25,14.1,10.0,20.6,0.0,157.0,17.6,1028.3
3373,2022-05-26,15.9,10.0,22.8,0.0,197.0,20.2,1024.6
3374,2022-05-27,20.3,15.6,27.8,0.0,205.0,23.8,1013.2
3375,2022-05-28,20.4,17.8,23.9,18.5,225.0,17.6,1006.4
3376,2022-05-29,19.4,15.0,22.8,0.0,107.0,15.1,1016.3
3377,2022-05-30,22.4,15.6,30.6,0.0,242.0,15.5,1016.3
3378,2022-05-31,20.8,12.8,28.3,0.0,63.0,18.0,1014.8
3379,2022-06-01,13.6,12.2,16.1,2.3,85.0,12.2,1015.4
3380,2022-06-02,14.4,12.2,17.2,2.5,78.0,12.2,1008.9
3381,2022-06-03,13.5,11.7,16.7,0.3,60.0,12.2,1009.3
3382,2022-06-04,15.3,12.2,22.8,0.0,107.0,15.5,1011.0
3383,2022-06-05,19.0,13.3,25.0,0.0,289.0,16.2,1013.8
3384,2022-06-06,19.1,14.4,23.9,0.0,112.0,13.7,1016.5
3385,2022-06-07,21.3,16.1,27.8,0.0,204.0,23.0,1017.1
3386,2022-06-08,21.4,17.2,27.2,5.8,232.0,17.6,1011.3
3387,2022-06-09,21.7,16.1,28.9,21.6,247.0,19.4,1004.0
3388,2022-06-10,20.9,15.0,25.6,0.0,270.0,18.4,1007.9
3389,2022-06-11,21.6,17.8,26.1,0.0,258.0,14.0,1012.5
3390,2022-06-12,21.0,15.6,25.6,0.0,197.0,15.8,1014.9
3391,2022-06-13,21.9,18.3,29.4,2.3,239.0,13.7,1011.3
3392,2022-06-14,23.0,17.8,27.8,0.0,322.0,16.2,1011.8
3393,2022-06-15,19.9,15.0,21.7,0.0,77.0,14.0,1019.3
3394,2022-06-16,18.7,14.4,23.3,0.0,191.0,19.8,1019.4
3395,2022-06-17,22.9,19.4,30.0,0.0,235.0,23.0,1004.2
3396,2022-06-18,21.0,12.8,22.8,0.0,297.0,26.6,1002.7
3397,2022-06-19,13.7,10.6,17.2,7.9,330.0,17.6,1010.8
3398,2022-06-20,16.8,11.1,26.1,0.0,51.0,14.4,1017.1
3399,2022-06-21,16.9,11.7,21.7,0.0,103.0,15.5,1020.8
3400,2022-06-22,16.9,13.9,19.4,0.0,98.0,19.1,1019.4
3401,2022-06-23,17.0,14.4,21.7,0.0,97.0,15.8,1016.8
3402,2022-06-24,19.1,15.0,25.6,0.0,143.0,11.5,1015.5
3403,2022-06-25,23.7,19.4,28.9,0.0,152.0,12.2,1018.3
3404,2022-06-26,25.3,20.0,32.2,0.0,173.0,17.6,1017.7
3405,2022-06-27,22.7,19.4,25.0,16.5,212.0,20.9,1013.3
3406,2022-06-28,21.1,16.7,24.4,0.0,42.0,14.4,1018.7
3407,2022-06-29,21.5,17.2,28.3,0.0,166.0,11.9,1021.7
3408,2022-06-30,22.9,19.4,28.3,0.0,290.0,16.6,1020.5
3409,2022-07-01,25.1,18.9,33.3,0.0,215.0,20.9,1015.3
3410,2022-07-02,25.8,21.7,30.6,4.8,233.0,18.7,1011.4
3411,2022-07-03,24.8,21.7,30.0,0.0,279.0,13.7,1014.3
3412,2022-07-04,24.7,18.9,29.4,0.0,297.0,13.0,1018.5
3413,2022-07-05,22.9,18.9,26.7,1.0,191.0,15.1,1016.1
3414,2022-07-06,23.8,19.4,28.9,0.3,269.0,20.5,1009.2
3415,2022-07-07,21.8,18.3,26.1,0.0,98.0,15.5,1016.4
3416,2022-07-08,22.9,16.7,30.0,0.0,222.0,16.9,1014.4
3417,2022-07-09,22.7,17.8,25.0,0.0,57.0,15.5,1016.8
3418,2022-07-10,20.4,16.1,23.9,0.0,86.0,17.6,1017.9
3419,2022-07-11,23.2,17.2,30.6,0.0,218.0,22.7,1012.5
3420,2022-07-12,24.4,19.4,31.7,0.3,209.0,27.0,1006.7
3421,2022-07-13,25.1,19.4,30.6,0.0,35.0,13.7,1010.4
3422,2022-07-14,21.9,18.3,25.6,4.1,51.0,12.2,1014.4
3423,2022-07-15,23.1,18.9,26.7,0.0,146.0,16.9,1019.6
3424,2022-07-16,23.9,17.8,29.4,0.0,203.0,14.4,1019.1
3425,2022-07-17,24.7,19.4,30.0,0.0,202.0,16.2,1016.0
3426,2022-07-18,24.2,20.0,27.8,3.8,193.0,17.6,1012.8
3427,2022-07-19,27.2,22.8,33.9,0.5,252.0,23.4,1003.8
3428,2022-07-20,28.9,24.4,33.3,0.0,226.0,14.8,1006.0
3429,2022-07-21,28.3,21.7,34.4,0.0,189.0,20.5,1004.4
3430,2022-07-22,28.7,22.8,34.4,0.0,243.0,15.5,1009.6
3431,2022-07-23,28.9,24.4,34.4,0.0,207.0,13.7,1014.1
3432,2022-07-24,30.6,22.2,37.8,0.0,215.0,21.2,1013.3
3433,2022-07-25,29.2,25.0,32.2,0.0,226.0,21.6,1009.7
3434,2022-07-26,25.6,21.7,28.9,0.0,283.0,15.5,1013.7
3435,2022-07-27,23.3,18.9,28.3,0.0,18.0,13.0,1012.8
3436,2022-07-28,24.2,18.9,31.7,1.0,196.0,16.9,1010.2
3437,2022-07-29,27.6,22.8,33.3,0.0,246.0,16.9,1010.1
3438,2022-07-30,27.4,22.8,31.1,0.0,297.0,16.9,1014.3
3439,2022-07-31,25.1,20.6,29.4,0.0,286.0,15.1,1019.6
3440,2022-08-01,25.1,20.6,29.4,0.3,186.0,15.8,1013.9
3441,2022-08-02,25.3,20.6,34.4,0.0,233.0,16.9,1008.5
3442,2022-08-03,25.5,20.0,27.2,0.0,51.0,17.3,1014.5
3443,2022-08-04,27.4,20.0,36.7,0.0,208.0,16.9,1016.3
3444,2022-08-05,27.4,22.8,35.0,2.0,204.0,10.4,1018.7
3445,2022-08-06,28.1,22.8,36.1,0.0,193.0,15.5,1021.1
3446,2022-08-07,29.8,25.0,36.7,0.8,232.0,24.5,1018.1
3447,2022-08-08,29.7,25.6,36.7,0.0,227.0,23.8,1013.3
3448,2022-08-09,29.7,18.9,36.7,3.6,252.0,19.1,1011.2
3449,2022-08-10,20.6,18.3,22.2,0.0,65.0,14.4,1017.2
3450,2022-08-11,20.8,18.9,25.6,0.0,127.0,12.2,1012.6
3451,2022-08-12,22.6,19.4,26.7,0.0,12.0,16.2,1014.5
3452,2022-08-13,20.1,17.2,22.8,0.0,31.0,11.9,1018.0
3453,2022-08-14,21.2,17.2,26.7,0.0,215.0,15.5,1017.1
3454,2022-08-15,21.6,17.2,25.0,0.0,69.0,11.5,1016.6
3455,2022-08-16,21.2,17.8,25.0,0.0,33.0,15.8,1017.4
3456,2022-08-17,21.3,18.9,26.1,0.3,355.0,19.8,1014.0
3457,2022-08-18,22.8,18.9,28.9,0.0,277.0,24.5,1009.2
3458,2022-08-19,26.5,20.6,33.3,0.0,269.0,16.2,1015.5
3459,2022-08-20,26.3,21.1,32.2,0.0,151.0,13.0,1020.4
3460,2022-08-21,25.7,20.0,31.7,0.0,174.0,14.4,1020.1
3461,2022-08-22,21.1,19.4,22.8,11.2,69.0,10.4,1014.8
3462,2022-08-23,21.2,20.0,23.9,0.5,86.0,9.4,1010.6
3463,2022-08-24,22.2,19.4,27.2,0.0,90.0,9.0,1012.4
3464,2022-08-25,24.6,21.7,30.0,0.0,121.0,12.2,1015.7
3465,2022-08-26,25.3,21.1,32.8,10.4,198.0,15.5,1013.4
3466,2022-08-27,22.1,19.4,25.6,0.0,56.0,15.1,1016.3
3467,2022-08-28,21.5,18.9,24.4,0.0,110.0,15.1,1021.9
3468,2022-08-29,23.8,18.3,31.7,0.0,217.0,18.4,1018.6
3469,2022-08-30,26.4,22.2,32.8,0.0,204.0,21.2,1011.5
3470,2022-08-31,25.1,20.0,30.0,8.4,253.0,16.6,1006.6
3471,2022-09-01,23.2,16.7,26.7,0.0,273.0,18.7,1011.8
3472,2022-09-02,18.3,13.3,20.6,0.0,70.0,14.8,1024.3
3473,2022-09-03,18.9,15.0,23.9,0.0,166.0,16.6,1024.7
3474,2022-09-04,21.9,17.8,28.3,0.0,186.0,14.4,1019.5
3475,2022-09-05,21.2,16.7,22.2,11.2,51.0,13.7,1020.4
3476,2022-09-06,17.8,16.7,18.3,13.5,49.0,16.6,1019.7
3477,2022-09-07,18.6,15.6,22.2,0.0,41.0,17.6,1017.4
3478,2022-09-08,18.2,15.0,21.7,0.0,34.0,14.8,1014.2
3479,2022-09-09,18.5,14.4,23.9,0.0,32.0,9.0,1017.7
3480,2022-09-10,22.3,18.9,26.7,0.0,38.0,10.4,1021.8
3481,2022-09-11,23.1,20.6,26.7,0.0,273.0,11.9,1018.9
3482,2022-09-12,21.4,18.9,24.4,0.0,177.0,11.2,1011.1
3483,2022-09-13,20.6,19.4,23.3,3.8,147.0,11.2,1008.2
3484,2022-09-14,22.0,17.2,26.7,0.0,263.0,20.2,1009.7
3485,2022-09-15,19.6,13.9,22.2,0.0,306.0,23.0,1017.9
3486,2022-09-16,17.1,12.8,22.8,0.0,314.0,16.9,1020.6
3487,2022-09-17,15.9,11.1,18.9,0.0,61.0,15.5,1024.0
3488,2022-09-18,21.1,15.6,28.9,0.3,239.0,22.3,1015.4
3489,2022-09-19,18.4,15.0,22.2,10.7,63.0,15.8,1012.9
3490,2022-09-20,16.2,14.4,16.7,0.3,44.0,10.8,1011.6
3491,2022-09-21,16.4,13.9,20.6,0.0,291.0,12.2,1012.4
3492,2022-09-22,18.2,12.8,21.1,19.0,236.0,19.8,1002.0
3493,2022-09-23,13.2,10.0,16.1,0.0,316.0,30.2,1007.8
3494,2022-09-24,13.6,8.9,20.6,0.0,291.0,22.7,1010.4
3495,2022-09-25,15.7,10.6,21.1,0.0,209.0,14.0,1007.0
3496,2022-09-26,18.9,15.0,23.9,7.4,227.0,19.8,1004.2
3497,2022-09-27,18.5,14.4,23.9,0.0,211.0,18.0,1009.5
3498,2022-09-28,17.2,12.8,22.2,0.0,281.0,16.6,1016.9
3499,2022-09-29,15.1,10.6,18.3,0.0,343.0,16.2,1026.2
3500,2022-09-30,12.3,8.9,15.0,0.0,47.0,11.9,1026.6
3501,2022-10-01,12.6,11.1,14.4,0.5,9.0,13.0,1020.3
3502,2022-10-02,13.2,11.1,14.4,0.0,38.0,36.7,1022.5
3503,2022-10-03,11.9,11.1,13.3,0.0,53.0,31.0,1025.4
3504,2022-10-04,12.6,11.7,14.4,11.7,36.0,28.8,1019.8
3505,2022-10-05,13.2,12.2,15.0,11.2,12.0,21.2,1014.0
3506,2022-10-06,16.5,14.4,21.1,0.0,30.0,12.2,1013.1
3507,2022-10-07,18.5,13.9,25.6,0.0,229.0,16.6,1012.5
3508,2022-10-08,13.9,7.8,16.1,0.3,290.0,18.0,1017.7
3509,2022-10-09,11.4,6.7,16.7,0.0,264.0,17.3,1018.1
3510,2022-10-10,13.3,9.4,19.4,0.8,295.0,9.0,1021.8
3511,2022-10-11,13.5,8.9,18.9,0.0,275.0,10.1,1024.6
3512,2022-10-12,16.4,10.0,23.9,0.0,231.0,13.7,1021.9
3513,2022-10-13,16.2,12.8,19.4,26.2,153.0,19.1,1015.6
3514,2022-10-14,17.8,13.9,20.6,30.2,262.0,15.8,1011.1
3515,2022-10-15,16.0,11.7,21.7,0.0,246.0,11.9,1015.4
3516,2022-10-16,14.4,10.6,20.0,0.0,353.0,7.6,1013.0
3517,2022-10-17,12.9,9.4,15.6,5.8,40.0,9.0,1007.2
3518,2022-10-18,16.6,10.0,20.6,4.6,193.0,14.4,1002.5
3519,2022-10-19,11.2,6.7,13.9,0.0,244.0,18.4,1008.0
3520,2022-10-20,9.9,5.6,15.0,0.0,228.0,23.0,1013.9
3521,2022-10-21,11.5,7.8,16.7,0.0,198.0,13.3,1019.8
3522,2022-10-22,13.7,8.3,20.0,0.0,201.0,11.5,1024.6
3523,2022-10-23,12.6,10.0,14.4,1.8,14.0,11.9,1027.0
3524,2022-10-24,13.1,11.1,15.6,2.5,11.0,11.2,1023.9
3525,2022-10-25,14.8,13.9,16.7,1.3,55.0,9.0,1021.2
3526,2022-10-26,15.8,15.0,18.3,11.9,69.0,9.0,1010.5
3527,2022-10-27,17.0,7.8,20.0,0.0,301.0,22.3,1016.6
3528,2022-10-28,8.8,5.6,11.1,0.0,17.0,13.3,1033.6
3529,2022-10-29,8.6,4.4,12.8,0.0,11.0,9.4,1031.5
3530,2022-10-30,9.9,3.9,17.2,0.0,46.0,6.8,1023.7
3531,2022-10-31,12.8,7.2,20.0,0.0,208.0,14.4,1017.3
3532,2022-11-01,15.9,13.9,18.3,1.0,237.0,12.6,1015.0
3533,2022-11-02,15.8,8.9,20.6,0.0,346.0,11.2,1023.7
3534,2022-11-03,12.2,7.8,16.1,0.0,6.0,10.8,1028.6
3535,2022-11-04,14.9,10.0,22.2,0.0,222.0,19.8,1026.5
3536,2022-11-05,18.3,13.9,25.0,0.0,207.0,18.4,1024.0
3537,2022-11-06,20.8,18.3,24.4,0.0,208.0,25.6,1022.1
3538,2022-11-07,20.7,12.2,24.4,0.0,248.0,23.4,1019.8
3539,2022-11-08,11.6,4.4,12.8,0.0,328.0,22.3,1031.9
3540,2022-11-09,5.9,2.2,8.9,0.0,2.0,13.0,1036.1
3541,2022-11-10,11.6,6.1,20.6,0.0,226.0,24.1,1024.9
3542,2022-11-11,16.3,12.8,21.1,9.7,192.0,18.4,1016.1
3543,2022-11-12,20.4,13.3,24.4,1.8,239.0,24.1,1001.0
3544,2022-11-13,12.1,5.0,13.3,2.5,303.0,16.9,1008.9
3545,2022-11-14,5.2,1.7,6.7,0.0,306.0,18.4,1023.6
3546,2022-11-15,3.1,0.6,6.1,0.0,351.0,10.1,1030.5
3547,2022-11-16,8.0,2.8,13.9,20.1,264.0,24.1,1011.3
3548,2022-11-17,5.4,2.2,7.8,0.0,260.0,23.8,1010.1
3549,2022-11-18,3.7,0.0,7.2,0.0,240.0,19.4,1016.4
3550,2022-11-19,3.1,-0.5,6.7,0.0,232.0,18.4,1019.6
3551,2022-11-20,1.6,-1.6,4.4,0.0,264.0,25.9,1016.0
3552,2022-11-21,-0.4,-3.8,3.9,0.0,238.0,23.4,1025.9
3553,2022-11-22,4.8,1.7,8.9,0.0,231.0,16.2,1023.7
3554,2022-11-23,6.8,2.2,10.6,0.0,300.0,15.8,1022.3
3555,2022-11-24,3.9,0.0,8.9,0.0,235.0,11.9,1027.3
3556,2022-11-25,7.9,5.0,11.1,0.3,232.0,19.8,1010.4
3557,2022-11-26,7.3,3.9,11.7,0.0,273.0,20.5,1010.8
3558,2022-11-27,8.9,6.1,13.9,16.3,200.0,15.8,1004.6
3559,2022-11-28,11.2,3.3,14.4,0.0,290.0,25.2,1002.7
3560,2022-11-29,3.8,0.6,6.1,0.0,353.0,10.8,1024.4
3561,2022-11-30,8.2,3.9,15.0,16.8,173.0,23.0,1014.3
3562,2022-12-01,5.9,2.2,6.1,0.0,275.0,25.9,1018.0
3563,2022-12-02,3.8,0.6,7.2,0.0,231.0,13.7,1031.9
3564,2022-12-03,9.0,3.9,15.0,4.1,202.0,27.0,1018.4
3565,2022-12-04,5.9,0.0,6.1,0.0,296.0,14.4,1020.2
3566,2022-12-05,3.8,-1.6,9.4,0.0,186.0,14.8,1025.7
3567,2022-12-06,7.7,4.4,12.8,2.3,126.0,10.4,1029.7
3568,2022-12-07,10.9,8.9,15.0,21.6,168.0,16.6,1022.0
3569,2022-12-08,11.4,2.8,14.4,0.0,325.0,23.4,1020.3
3570,2022-12-09,4.1,0.6,8.3,0.0,338.0,22.3,1023.8
3571,2022-12-10,0.8,-0.5,2.2,0.0,1.0,20.9,1029.7
3572,2022-12-11,-1.2,-3.8,1.1,1.0,0.0,20.9,1026.4
3573,2022-12-12,-2.3,-4.3,1.1,0.0,337.0,18.7,1021.0
3574,2022-12-13,0.2,-3.2,5.0,0.0,299.0,23.0,1020.0
3575,2022-12-14,-0.3,-4.9,2.8,0.0,309.0,29.9,1016.8
3576,2022-12-15,3.0,0.0,6.7,0.8,32.0,23.0,1023.7
3577,2022-12-16,6.2,5.6,7.2,32.5,65.0,39.6,1008.7
3578,2022-12-17,4.5,1.7,6.1,3.8,300.0,24.5,1000.7
3579,2022-12-18,2.9,0.6,5.0,0.0,277.0,20.2,1009.9
3580,2022-12-19,1.7,-0.5,5.6,0.0,285.0,24.1,1017.4
3581,2022-12-20,1.4,-1.0,5.0,0.0,314.0,20.5,1026.1
3582,2022-12-21,0.1,-2.7,3.9,0.0,288.0,9.7,1031.5
3583,2022-12-22,1.7,-2.1,7.2,3.6,71.0,17.6,1030.1
3584,2022-12-23,9.4,-7.1,13.9,16.8,158.0,46.8,993.9
3585,2022-12-24,-7.6,-11.6,-6.6,0.0,235.0,29.9,1003.4
3586,2022-12-25,-7.5,-9.9,-2.7,0.0,236.0,24.1,1010.2
3587,2022-12-26,-3.4,-6.0,1.1,0.0,255.0,18.4,1019.7
3588,2022-12-27,-0.7,-2.1,2.2,0.0,266.0,16.2,1023.2
3589,2022-12-28,0.2,-4.3,6.1,0.0,217.0,13.7,1025.3
3590,2022-12-29,4.9,0.0,12.2,0.0,206.0,12.2,1024.4
3591,2022-12-30,9.1,3.9,17.2,0.0,212.0,14.0,1023.1
3592,2022-12-31,9.6,6.7,12.2,8.9,202.0,14.8,1015.3
3593,2023-01-01,11.4,6.1,12.8,1.0,268.0,21.6,1008.7
3594,2023-01-02,6.5,2.2,11.1,0.0,271.0,12.2,1018.5
3595,2023-01-03,4.9,1.1,7.2,12.2,8.0,7.6,1015.7
3596,2023-01-04,5.2,4.4,7.2,8.1,38.0,8.6,1012.3
3597,2023-01-05,5.6,1.7,7.2,2.3,22.0,24.1,1015.7
3598,2023-01-06,1.6,0.6,2.2,4.8,338.0,13.0,1016.2
3599,2023-01-07,3.0,-0.6,6.7,0.0,287.0,14.8,1018.2
3600,2023-01-08,-0.2,-3.9,3.3,0.0,260.0,15.1,1023.7
3601,2023-01-09,1.4,-2.2,6.1,0.0,255.0,15.5,1012.5
3602,2023-01-10,2.7,-2.2,5.6,0.0,309.0,16.6,1015.1
3603,2023-01-11,-1.7,-5.0,1.7,0.3,2.0,13.3,1025.5
3604,2023-01-12,1.3,-1.1,9.4,6.4,59.0,14.0,1022.2
3605,2023-01-13,11.1,3.9,14.4,9.7,211.0,25.6,1002.2
3606,2023-01-14,2.7,0.6,3.9,1.5,345.0,19.8,1009.1
3607,2023-01-15,0.9,-1.7,2.8,0.5,5.0,31.7,1014.7
3608,2023-01-16,-0.4,-1.1,1.1,2.8,330.0,23.0,1008.5
3609,2023-01-17,3.2,0.0,10.0,0.3,262.0,15.1,1002.9
3610,2023-01-18,7.3,4.4,11.1,0.8,271.0,18.7,1004.9
3611,2023-01-19,4.3,1.7,5.6,14.5,5.0,14.4,1013.3
3612,2023-01-20,1.7,-0.6,3.3,12.4,348.0,16.2,1004.8
3613,2023-01-21,-0.4,-1.7,0.6,0.0,323.0,13.3,1019.2
3614,2023-01-22,-0.6,-2.2,2.8,6.1,219.0,12.2,1020.5
3615,2023-01-23,1.6,-0.6,2.2,22.1,342.0,25.6,1001.9
3616,2023-01-24,1.0,-1.1,3.9,0.0,259.0,23.0,1015.8
3617,2023-01-25,1.8,0.6,6.1,7.9,154.0,15.1,1022.7
3618,2023-01-26,7.2,1.7,12.8,18.3,245.0,28.8,999.2
3619,2023-01-27,2.4,-1.1,5.6,0.0,258.0,13.7,1017.9
3620,2023-01-28,3.8,-1.1,10.0,0.0,226.0,18.7,1022.5
3621,2023-01-29,6.1,1.1,10.6,0.0,193.0,13.7,1022.9
3622,2023-01-30,6.4,2.2,7.8,0.0,271.0,11.2,1019.6
3623,2023-01-31,2.3,-5.0,5.0,1.0,340.0,16.9,1021.9
3624,2023-02-01,-3.6,-6.1,-1.1,0.0,344.0,12.2,1024.5
3625,2023-02-02,-1.2,-4.4,3.3,0.0,238.0,19.8,1017.8
3626,2023-02-03,-3.9,-22.2,0.6,0.0,284.0,35.3,1011.7
3627,2023-02-04,-17.8,-23.3,-7.8,0.0,270.0,25.6,1031.9
3628,2023-02-05,-1.1,-7.8,10.6,0.0,216.0,21.2,1020.3
3629,2023-02-06,4.9,0.0,9.4,0.0,328.0,16.9,1016.7
3630,2023-02-07,-0.7,-4.4,1.1,1.0,55.0,16.9,1025.5
3631,2023-02-08,4.4,1.1,9.4,0.0,261.0,19.8,1019.5
3632,2023-02-09,4.8,0.0,8.3,0.0,118.0,10.1,1022.1
3633,2023-02-10,8.4,2.8,15.6,0.0,301.0,20.5,1008.0
3634,2023-02-11,5.1,0.0,6.7,0.0,287.0,20.5,1020.2
3635,2023-02-12,3.9,-0.6,10.0,0.0,215.0,11.5,1017.3
3636,2023-02-13,4.8,2.8,6.7,0.0,39.0,18.0,1003.9
3637,2023-02-14,5.8,1.7,11.1,0.0,287.0,14.8,1013.9
3638,2023-02-15,6.3,0.6,13.9,0.0,189.0,19.8,1016.5
3639,2023-02-16,13.0,7.8,16.7,0.3,247.0,13.7,1012.8
3640,2023-02-17,10.4,-3.3,15.6,1.8,275.0,20.5,1003.4
3641,2023-02-18,-0.9,-5.0,5.0,0.0,272.0,19.8,1022.6
3642,2023-02-19,3.4,0.6,8.3,0.0,200.0,15.8,1024.2
3643,2023-02-20,9.9,6.7,16.1,0.0,249.0,17.3,1005.6
3644,2023-02-21,5.0,0.6,7.8,3.8,44.0,14.8,1005.2
3645,2023-02-22,4.4,0.6,6.7,6.6,278.0,15.5,1017.9
3646,2023-02-23,0.5,-3.3,1.1,13.5,21.0,24.5,1015.6
3647,2023-02-24,-0.9,-7.7,3.3,0.3,310.0,23.4,1020.9
3648,2023-02-25,-7.9,-10.6,-6.7,0.3,313.0,11.9,1029.5
3649,2023-02-26,-4.2,-7.8,3.9,0.0,268.0,11.9,1012.6
3650,2023-02-27,-1.7,-2.8,-0.6,0.0,46.0,18.7,1014.9
3651,2023-02-28,0.6,-1.7,2.2,7.1,86.0,23.8,1010.7
3652,2023-03-01,2.4,0.6,5.6,0.0,12.0,14.0,1019.1
